record_id,name,age,gender,crime_type,location,status,description,confidence_score,date_added,last_seen,sketch_url
CR20240001,Juan James,51,Male,Grand Theft Auto,Albuquerque NM,Wanted,"Male in late-50s with gray hair, hazel eyes, lean build, approximately 5'8"" tall.",0.98,2024-09-08,2025-10-30,https://api.dicebear.com/7.x/avataaars/svg?seed=criminal-male-0&backgroundColor=f0f0f0&size=256
CR20240002,Jessica Turner,55,Female,Kidnapping,Seattle WA,Under Investigation,"Female in late-50s with dark brown hair, amber eyes, athletic build, approximately 5'7"" tall. Often seen wearing glasses.",0.98,2024-02-23,2025-11-18,https://api.dicebear.com/7.x/micah/svg?seed=criminal-female-1&backgroundColor=f0f0f0&size=256
CR20240003,Henry Perez,29,Male,Extortion,Columbus OH,Under Investigation,"Male in early-20s with dark brown hair, gray eyes, athletic build, approximately 5'8"" tall. Often seen wearing glasses.",0.93,2025-01-07,2025-11-09,https://api.dicebear.com/7.x/bottts/svg?seed=criminal-male-2&backgroundColor=f0f0f0&size=256
CR20240004,Shirley Williams,21,Female,Theft,Columbus OH,Under Investigation,"Female in early-20s with salt and pepper hair, hazel eyes, muscular build, approximately 5'9"" tall.",0.98,2024-05-02,2025-11-13,https://api.dicebear.com/7.x/avataaars/svg?seed=criminal-female-3&backgroundColor=f0f0f0&size=256
CR20240005,Nicholas Murphy,53,Male,Battery,Albuquerque NM,Wanted,"Male in late-50s with blonde hair, blue eyes, muscular build, approximately 6'0"" tall. High cheekbones.",0.98,2024-03-06,2025-11-19,https://api.dicebear.com/7.x/notionists/svg?seed=criminal-male-4&backgroundColor=f0f0f0&size=256
CR20240006,Pamela Campbell,31,Female,Manslaughter,Fresno CA,Under Investigation,"Female in mid-30s with black hair, brown eyes, heavy build, approximately 5'2"" tall. Wide-set eyes. Often seen wearing bandana.",0.98,2025-07-07,2025-11-22,https://api.dicebear.com/7.x/lorelei/svg?seed=criminal-female-5&backgroundColor=f0f0f0&size=256
CR20240007,George King,63,Male,Armed Robbery,Long Beach CA,Wanted,"Male in late-60s with light brown hair, blue eyes, athletic build, approximately 5'10"" tall. Missing tooth.",0.98,2024-05-14,2025-11-17,https://api.dicebear.com/7.x/adventurer/svg?seed=criminal-male-6&backgroundColor=f0f0f0&size=256
CR20240008,Joan Brooks,40,Female,Drug Possession,Las Vegas NV,Under Investigation,"Female in late-40s with brown hair, hazel eyes, medium build, approximately 5'3"" tall.",0.95,2025-10-06,2025-11-24,https://api.dicebear.com/7.x/lorelei/svg?seed=criminal-female-7&backgroundColor=f0f0f0&size=256
CR20240009,Elijah Cox,58,Male,Kidnapping,Nashville TN,Under Investigation,"Male in late-50s with dark brown hair, amber eyes, heavy build, approximately 6'1"" tall. Facial tattoo.",0.98,2024-10-07,2025-11-23,https://api.dicebear.com/7.x/avataaars/svg?seed=criminal-male-8&backgroundColor=f0f0f0&size=256
CR20240010,Angela Rivera,31,Female,Armed Robbery,Philadelphia PA,Under Investigation,"Female in mid-30s with dark brown hair, brown eyes, slim build, approximately 5'2"" tall. Dimples.",0.93,2025-09-16,2025-11-12,https://api.dicebear.com/7.x/adventurer/svg?seed=criminal-female-9&backgroundColor=f0f0f0&size=256
CR20240011,Joseph Cox,46,Male,Stalking,Denver CO,Wanted,"Male in late-40s with blonde hair, amber eyes, athletic build, approximately 5'10"" tall. Often seen wearing beanie.",0.95,2025-05-10,2025-11-06,https://api.dicebear.com/7.x/adventurer/svg?seed=criminal-male-10&backgroundColor=f0f0f0&size=256
CR20240012,Nicole Peterson,51,Female,Cybercrime,Austin TX,Under Investigation,"Female in late-50s with brown hair, green eyes, lean build, approximately 5'3"" tall.",0.93,2024-09-28,2025-11-12,https://api.dicebear.com/7.x/avataaars/svg?seed=criminal-female-11&backgroundColor=f0f0f0&size=256
CR20240013,Douglas Evans,46,Male,Breaking and Entering,Phoenix AZ,Under Investigation,"Male in late-40s with blonde hair, brown eyes, medium build, approximately 5'10"" tall. Facial tattoo.",0.98,2024-02-15,2025-11-01,https://api.dicebear.com/7.x/avataaars/svg?seed=criminal-male-12&backgroundColor=f0f0f0&size=256
CR20240014,Julie Carter,29,Female,Embezzlement,Virginia Beach VA,Wanted,"Female in early-20s with salt and pepper hair, brown eyes, medium build, approximately 5'7"" tall. Prominent jaw. Often seen wearing bandana.",0.98,2025-08-24,2025-10-29,https://api.dicebear.com/7.x/notionists/svg?seed=criminal-female-13&backgroundColor=f0f0f0&size=256
CR20240015,Brian Scott,22,Male,Cybercrime,Dallas TX,Under Investigation,"Male in early-20s with red hair, brown eyes, stocky build, approximately 6'1"" tall. Pierced nose.",0.95,2024-01-06,2025-11-11,https://api.dicebear.com/7.x/bottts/svg?seed=criminal-male-14&backgroundColor=f0f0f0&size=256
CR20240016,Judy Patel,28,Female,Stalking,San Jose CA,Wanted,"Female in early-20s with light brown hair, gray eyes, stocky build, approximately 5'2"" tall. Crooked smile.",0.97,2025-01-25,2025-10-31,https://api.dicebear.com/7.x/bottts/svg?seed=criminal-female-15&backgroundColor=f0f0f0&size=256
CR20240017,Gerald Scott,57,Male,Manslaughter,Long Beach CA,Wanted,"Male in late-50s with blonde hair, brown eyes, lean build, approximately 6'2"" tall. Deep-set eyes. Often seen wearing bandana.",0.97,2024-04-26,2025-10-27,https://api.dicebear.com/7.x/lorelei/svg?seed=criminal-male-16&backgroundColor=f0f0f0&size=256
CR20240018,Grace Peterson,56,Female,Domestic Violence,Portland OR,Wanted,"Female in late-50s with gray hair, hazel eyes, medium build, approximately 5'6"" tall. Often seen wearing baseball cap.",0.96,2024-01-16,2025-11-10,https://api.dicebear.com/7.x/bottts/svg?seed=criminal-female-17&backgroundColor=f0f0f0&size=256
CR20240019,Kenneth Gomez,38,Male,Battery,Indianapolis IN,Wanted,"Male in mid-30s with red hair, green eyes, lean build, approximately 6'0"" tall. Wide-set eyes. Often seen wearing sunglasses.",0.98,2025-08-25,2025-11-13,https://api.dicebear.com/7.x/micah/svg?seed=criminal-male-18&backgroundColor=f0f0f0&size=256
CR20240020,Joyce Green,38,Female,Stalking,Tucson AZ,Under Investigation,"Female in mid-30s with brown hair, green eyes, lean build, approximately 5'7"" tall.",0.92,2024-07-18,2025-11-04,https://api.dicebear.com/7.x/adventurer/svg?seed=criminal-female-19&backgroundColor=f0f0f0&size=256
CR20240021,Matthew Smith,23,Male,Kidnapping,Baltimore MD,Wanted,"Male in early-20s with black hair, blue eyes, muscular build, approximately 5'11"" tall. Broken nose.",0.97,2025-09-13,2025-11-09,https://api.dicebear.com/7.x/bottts/svg?seed=criminal-male-20&backgroundColor=f0f0f0&size=256
CR20240022,Deborah Mendoza,21,Female,Domestic Violence,San Jose CA,Wanted,"Female in early-20s with black hair, hazel eyes, muscular build, approximately 5'7"" tall. Often seen wearing beanie.",0.92,2025-07-14,2025-11-07,https://api.dicebear.com/7.x/micah/svg?seed=criminal-female-21&backgroundColor=f0f0f0&size=256
CR20240023,Gerald Ramos,43,Male,Armed Robbery,Jacksonville FL,Wanted,"Male in late-40s with gray hair, blue eyes, heavy build, approximately 5'8"" tall. Often seen wearing hood.",0.92,2024-11-27,2025-11-10,https://api.dicebear.com/7.x/bottts/svg?seed=criminal-male-22&backgroundColor=f0f0f0&size=256
CR20240024,Melissa Long,21,Female,Assault,Portland OR,Under Investigation,"Female in early-20s with gray hair, hazel eyes, muscular build, approximately 5'4"" tall. High cheekbones. Often seen wearing sunglasses.",0.93,2024-08-29,2025-11-16,https://api.dicebear.com/7.x/lorelei/svg?seed=criminal-female-23&backgroundColor=f0f0f0&size=256
CR20240025,Travis Richardson,19,Male,Extortion,Nashville TN,Under Investigation,"Male in early-10s with brown hair, amber eyes, medium build, approximately 6'1"" tall. Dimples. Often seen wearing hood.",0.96,2025-05-18,2025-11-16,https://api.dicebear.com/7.x/lorelei/svg?seed=criminal-male-24&backgroundColor=f0f0f0&size=256
CR20240026,Jennifer Hernandez,63,Female,Extortion,Austin TX,Under Investigation,"Female in late-60s with dark brown hair, gray eyes, heavy build, approximately 5'8"" tall. Broken nose.",0.92,2024-03-02,2025-11-15,https://api.dicebear.com/7.x/bottts/svg?seed=criminal-female-25&backgroundColor=f0f0f0&size=256
CR20240027,Ethan Davis,58,Male,Grand Theft Auto,Portland OR,Wanted,"Male in late-50s with salt and pepper hair, hazel eyes, slim build, approximately 5'11"" tall. High cheekbones.",0.98,2025-09-17,2025-11-18,https://api.dicebear.com/7.x/adventurer/svg?seed=criminal-male-26&backgroundColor=f0f0f0&size=256
CR20240028,Amber Smith,54,Female,Armed Robbery,Detroit MI,Under Investigation,"Female in late-50s with dark brown hair, blue eyes, medium build, approximately 5'4"" tall.",0.92,2024-04-04,2025-11-09,https://api.dicebear.com/7.x/lorelei/svg?seed=criminal-female-27&backgroundColor=f0f0f0&size=256
CR20240029,Brian Ward,32,Male,Embezzlement,San Francisco CA,Wanted,"Male in mid-30s with gray hair, brown eyes, muscular build, approximately 6'2"" tall. Often seen wearing sunglasses.",0.98,2024-11-05,2025-11-16,https://api.dicebear.com/7.x/adventurer/svg?seed=criminal-male-28&backgroundColor=f0f0f0&size=256
CR20240030,Victoria Perez,38,Female,Arson,Las Vegas NV,Wanted,"Female in mid-30s with brown hair, gray eyes, slim build, approximately 5'5"" tall. Often seen wearing baseball cap.",0.98,2025-02-10,2025-11-18,https://api.dicebear.com/7.x/micah/svg?seed=criminal-female-29&backgroundColor=f0f0f0&size=256
CR20240031,Jesse Davis,51,Male,Identity Theft,Oakland CA,Wanted,"Male in late-50s with blonde hair, green eyes, medium build, approximately 5'9"" tall. Missing tooth.",0.92,2024-06-17,2025-11-14,https://api.dicebear.com/7.x/bottts/svg?seed=criminal-male-30&backgroundColor=f0f0f0&size=256
CR20240032,Danielle Anderson,52,Female,Kidnapping,Charlotte NC,Wanted,"Female in late-50s with salt and pepper hair, green eyes, muscular build, approximately 5'8"" tall.",0.96,2025-08-25,2025-11-04,https://api.dicebear.com/7.x/micah/svg?seed=criminal-female-31&backgroundColor=f0f0f0&size=256
CR20240033,Dylan Garcia,44,Male,Drug Trafficking,Columbus OH,Under Investigation,"Male in late-40s with white hair, hazel eyes, stocky build, approximately 6'1"" tall. Often seen wearing hood.",0.95,2024-09-21,2025-11-23,https://api.dicebear.com/7.x/avataaars/svg?seed=criminal-male-32&backgroundColor=f0f0f0&size=256
CR20240034,Theresa Mitchell,23,Female,Stalking,Oakland CA,Wanted,"Female in early-20s with blonde hair, gray eyes, medium build, approximately 5'3"" tall. Broken nose.",0.98,2025-03-21,2025-10-29,https://api.dicebear.com/7.x/bottts/svg?seed=criminal-female-33&backgroundColor=f0f0f0&size=256
CR20240035,Henry Allen,31,Male,Manslaughter,Dallas TX,Wanted,"Male in mid-30s with blonde hair, green eyes, heavy build, approximately 5'9"" tall. High cheekbones.",0.95,2025-09-26,2025-11-07,https://api.dicebear.com/7.x/micah/svg?seed=criminal-male-34&backgroundColor=f0f0f0&size=256
CR20240036,Rachel Jones,48,Female,Battery,Oakland CA,Wanted,"Female in late-40s with light brown hair, green eyes, lean build, approximately 5'8"" tall. Neck tattoo.",0.97,2025-03-24,2025-11-05,https://api.dicebear.com/7.x/avataaars/svg?seed=criminal-female-35&backgroundColor=f0f0f0&size=256
CR20240037,Dylan Hill,22,Male,Breaking and Entering,Miami FL,Wanted,"Male in early-20s with black hair, brown eyes, stocky build, approximately 6'0"" tall. Neck tattoo. Often seen wearing bandana.",0.94,2025-05-09,2025-11-06,https://api.dicebear.com/7.x/lorelei/svg?seed=criminal-male-36&backgroundColor=f0f0f0&size=256
CR20240038,Rachel Wilson,32,Female,Trespassing,Austin TX,Wanted,"Female in mid-30s with salt and pepper hair, hazel eyes, medium build, approximately 5'5"" tall. Crooked smile.",0.98,2025-06-17,2025-11-21,https://api.dicebear.com/7.x/bottts/svg?seed=criminal-female-37&backgroundColor=f0f0f0&size=256
CR20240039,Elijah Rivera,65,Male,Burglary,New York NY,Under Investigation,"Male in late-60s with light brown hair, green eyes, stocky build, approximately 6'2"" tall. Often seen wearing sunglasses.",0.97,2025-09-25,2025-11-18,https://api.dicebear.com/7.x/lorelei/svg?seed=criminal-male-38&backgroundColor=f0f0f0&size=256
CR20240040,Patricia Foster,49,Female,Vandalism,Sacramento CA,Wanted,"Female in late-40s with brown hair, hazel eyes, heavy build, approximately 5'9"" tall. Receding hairline. Often seen wearing hood.",0.94,2024-11-13,2025-11-05,https://api.dicebear.com/7.x/avataaars/svg?seed=criminal-female-39&backgroundColor=f0f0f0&size=256
CR20240041,Vincent Kim,62,Male,Kidnapping,Detroit MI,Under Investigation,"Male in late-60s with black hair, green eyes, stocky build, approximately 5'8"" tall. Often seen wearing beanie.",0.96,2024-02-16,2025-11-21,https://api.dicebear.com/7.x/adventurer/svg?seed=criminal-male-40&backgroundColor=f0f0f0&size=256
CR20240042,Christina Jimenez,48,Female,Identity Theft,Detroit MI,Wanted,"Female in late-40s with salt and pepper hair, green eyes, heavy build, approximately 5'7"" tall. Pierced ears.",0.92,2025-10-26,2025-11-11,https://api.dicebear.com/7.x/adventurer/svg?seed=criminal-female-41&backgroundColor=f0f0f0&size=256
CR20240043,Logan Roberts,51,Male,Vandalism,San Francisco CA,Wanted,"Male in late-50s with light brown hair, amber eyes, slim build, approximately 6'3"" tall. Mole on chin.",0.91,2024-08-11,2025-11-12,https://api.dicebear.com/7.x/micah/svg?seed=criminal-male-42&backgroundColor=f0f0f0&size=256
CR20240044,Nicole Taylor,52,Female,Murder,Houston TX,Wanted,"Female in late-50s with blonde hair, green eyes, heavy build, approximately 5'6"" tall. Scar on right eyebrow.",0.94,2024-08-31,2025-10-31,https://api.dicebear.com/7.x/micah/svg?seed=criminal-female-43&backgroundColor=f0f0f0&size=256
CR20240045,William Perez,34,Male,Extortion,Indianapolis IN,Under Investigation,"Male in mid-30s with gray hair, brown eyes, heavy build, approximately 6'2"" tall. Pierced nose.",0.92,2024-11-06,2025-11-08,https://api.dicebear.com/7.x/bottts/svg?seed=criminal-male-44&backgroundColor=f0f0f0&size=256
CR20240046,Denise Kim,54,Female,Theft,Sacramento CA,Wanted,"Female in late-50s with salt and pepper hair, brown eyes, muscular build, approximately 5'9"" tall. Pierced ears.",0.95,2025-09-12,2025-11-21,https://api.dicebear.com/7.x/micah/svg?seed=criminal-female-45&backgroundColor=f0f0f0&size=256
CR20240047,Bruce Green,65,Male,Money Laundering,New Orleans LA,Wanted,"Male in late-60s with dark brown hair, green eyes, stocky build, approximately 5'9"" tall. Often seen wearing hood.",0.97,2024-04-19,2025-11-07,https://api.dicebear.com/7.x/bottts/svg?seed=criminal-male-46&backgroundColor=f0f0f0&size=256
CR20240048,Sandra Jimenez,42,Female,Extortion,New Orleans LA,Under Investigation,"Female in late-40s with black hair, amber eyes, muscular build, approximately 5'5"" tall. Pierced ears. Often seen wearing hood.",0.95,2025-10-22,2025-10-28,https://api.dicebear.com/7.x/lorelei/svg?seed=criminal-female-47&backgroundColor=f0f0f0&size=256
CR20240049,Terry Peterson,43,Male,Kidnapping,Miami FL,Wanted,"Male in late-40s with blonde hair, amber eyes, lean build, approximately 6'1"" tall.",0.98,2024-11-26,2025-11-05,https://api.dicebear.com/7.x/notionists/svg?seed=criminal-male-48&backgroundColor=f0f0f0&size=256
CR20240050,Denise Ramos,50,Female,Armed Robbery,Oakland CA,Under Investigation,"Female in late-50s with salt and pepper hair, amber eyes, lean build, approximately 5'2"" tall. Scar on right eyebrow. Often seen wearing baseball cap.",0.9,2024-08-24,2025-11-22,https://api.dicebear.com/7.x/notionists/svg?seed=criminal-female-49&backgroundColor=f0f0f0&size=256
CR20240051,Willie Wright,28,Male,Drug Trafficking,Denver CO,Under Investigation,"Male in early-20s with black hair, brown eyes, muscular build, approximately 5'8"" tall. Often seen wearing glasses.",0.94,2024-04-09,2025-11-25,https://api.dicebear.com/7.x/avataaars/svg?seed=criminal-male-50&backgroundColor=f0f0f0&size=256
CR20240052,Janice Jones,46,Female,Grand Theft Auto,Tampa FL,Under Investigation,"Female in late-40s with black hair, hazel eyes, muscular build, approximately 5'6"" tall. Mole on chin.",0.98,2025-02-20,2025-11-07,https://api.dicebear.com/7.x/micah/svg?seed=criminal-female-51&backgroundColor=f0f0f0&size=256
CR20240053,Joseph Nguyen,46,Male,Vandalism,Mesa AZ,Wanted,"Male in late-40s with gray hair, blue eyes, medium build, approximately 6'2"" tall. Scar on left cheek. Often seen wearing sunglasses.",0.96,2025-06-07,2025-11-06,https://api.dicebear.com/7.x/bottts/svg?seed=criminal-male-52&backgroundColor=f0f0f0&size=256
CR20240054,Karen Taylor,63,Female,Domestic Violence,San Antonio TX,Under Investigation,"Female in late-60s with brown hair, brown eyes, heavy build, approximately 5'4"" tall. Receding hairline.",0.98,2024-02-25,2025-11-17,https://api.dicebear.com/7.x/bottts/svg?seed=criminal-female-53&backgroundColor=f0f0f0&size=256
CR20240055,David Nguyen,39,Male,Murder,Kansas City MO,Wanted,"Male in mid-30s with dark brown hair, gray eyes, lean build, approximately 6'1"" tall.",0.96,2025-02-04,2025-11-14,https://api.dicebear.com/7.x/lorelei/svg?seed=criminal-male-54&backgroundColor=f0f0f0&size=256
CR20240056,Donna Hughes,46,Female,Money Laundering,Portland OR,Wanted,"Female in late-40s with black hair, green eyes, medium build, approximately 5'7"" tall. Missing tooth.",0.97,2025-05-27,2025-11-12,https://api.dicebear.com/7.x/adventurer/svg?seed=criminal-female-55&backgroundColor=f0f0f0&size=256
CR20240057,Austin Miller,63,Male,Identity Theft,Columbus OH,Wanted,"Male in late-60s with gray hair, brown eyes, muscular build, approximately 5'11"" tall. Deep-set eyes.",0.92,2024-02-07,2025-11-18,https://api.dicebear.com/7.x/bottts/svg?seed=criminal-male-56&backgroundColor=f0f0f0&size=256
CR20240058,Ann Morales,31,Female,Kidnapping,Indianapolis IN,Wanted,"Female in mid-30s with gray hair, hazel eyes, stocky build, approximately 5'5"" tall.",0.96,2024-12-09,2025-11-07,https://api.dicebear.com/7.x/lorelei/svg?seed=criminal-female-57&backgroundColor=f0f0f0&size=256
CR20240059,Dylan Edwards,46,Male,Armed Robbery,Denver CO,Wanted,"Male in late-40s with brown hair, blue eyes, slim build, approximately 6'3"" tall. Deep-set eyes.",0.92,2025-08-30,2025-11-10,https://api.dicebear.com/7.x/bottts/svg?seed=criminal-male-58&backgroundColor=f0f0f0&size=256
CR20240060,Sandra Williams,58,Female,Assault,El Paso TX,Under Investigation,"Female in late-50s with black hair, brown eyes, athletic build, approximately 5'8"" tall.",0.94,2025-09-26,2025-10-31,https://api.dicebear.com/7.x/adventurer/svg?seed=criminal-female-59&backgroundColor=f0f0f0&size=256
CR20240061,Daniel Anderson,26,Male,Arson,Dallas TX,Wanted,"Male in early-20s with light brown hair, amber eyes, muscular build, approximately 6'0"" tall. Prominent forehead.",0.91,2025-08-02,2025-10-31,https://api.dicebear.com/7.x/micah/svg?seed=criminal-male-60&backgroundColor=f0f0f0&size=256
CR20240062,Marie Adams,29,Female,Kidnapping,Jacksonville FL,Under Investigation,"Female in early-20s with gray hair, gray eyes, stocky build, approximately 5'2"" tall. Often seen wearing sunglasses.",0.97,2023-12-06,2025-11-10,https://api.dicebear.com/7.x/adventurer/svg?seed=criminal-female-61&backgroundColor=f0f0f0&size=256
CR20240063,Gabriel Watson,22,Male,Domestic Violence,Albuquerque NM,Wanted,"Male in early-20s with red hair, hazel eyes, slim build, approximately 6'2"" tall. Thick eyebrows. Often seen wearing beanie.",0.92,2024-06-02,2025-11-05,https://api.dicebear.com/7.x/adventurer/svg?seed=criminal-male-62&backgroundColor=f0f0f0&size=256
CR20240064,Samantha Rivera,61,Female,Harassment,Tulsa OK,Under Investigation,"Female in late-60s with gray hair, hazel eyes, lean build, approximately 5'7"" tall.",0.93,2025-03-31,2025-11-24,https://api.dicebear.com/7.x/adventurer/svg?seed=criminal-female-63&backgroundColor=f0f0f0&size=256
CR20240065,Larry Ruiz,41,Male,Vandalism,Virginia Beach VA,Wanted,"Male in late-40s with gray hair, gray eyes, stocky build, approximately 5'8"" tall.",0.96,2024-04-07,2025-11-21,https://api.dicebear.com/7.x/notionists/svg?seed=criminal-male-64&backgroundColor=f0f0f0&size=256
CR20240066,Jean Turner,29,Female,Armed Robbery,Columbus OH,Wanted,"Female in early-20s with black hair, brown eyes, medium build, approximately 5'7"" tall.",0.89,2025-05-07,2025-11-15,https://api.dicebear.com/7.x/adventurer/svg?seed=criminal-female-65&backgroundColor=f0f0f0&size=256
CR20240067,Travis Davis,37,Male,Drug Possession,Boston MA,Wanted,"Male in mid-30s with gray hair, gray eyes, stocky build, approximately 5'9"" tall. Facial tattoo. Often seen wearing hood.",0.98,2025-01-05,2025-10-27,https://api.dicebear.com/7.x/micah/svg?seed=criminal-male-66&backgroundColor=f0f0f0&size=256
CR20240068,Beverly Martinez,41,Female,Breaking and Entering,Austin TX,Under Investigation,"Female in late-40s with dark brown hair, blue eyes, athletic build, approximately 5'5"" tall. Missing tooth.",0.96,2024-04-11,2025-11-19,https://api.dicebear.com/7.x/adventurer/svg?seed=criminal-female-67&backgroundColor=f0f0f0&size=256
CR20240069,Billy Gutierrez,49,Male,Sexual Assault,Long Beach CA,Wanted,"Male in late-40s with gray hair, amber eyes, heavy build, approximately 5'11"" tall. Often seen wearing bandana.",0.93,2025-06-08,2025-10-30,https://api.dicebear.com/7.x/micah/svg?seed=criminal-male-68&backgroundColor=f0f0f0&size=256
CR20240070,Melissa Allen,38,Female,Grand Theft Auto,Atlanta GA,Under Investigation,"Female in mid-30s with salt and pepper hair, brown eyes, stocky build, approximately 5'8"" tall. Deep-set eyes.",0.91,2024-06-22,2025-11-10,https://api.dicebear.com/7.x/micah/svg?seed=criminal-female-69&backgroundColor=f0f0f0&size=256
CR20240071,Jose Rodriguez,52,Male,Manslaughter,Milwaukee WI,Wanted,"Male in late-50s with light brown hair, hazel eyes, stocky build, approximately 5'11"" tall.",0.92,2024-08-22,2025-11-15,https://api.dicebear.com/7.x/avataaars/svg?seed=criminal-male-70&backgroundColor=f0f0f0&size=256
CR20240072,Janice Lewis,47,Female,Fraud,Milwaukee WI,Wanted,"Female in late-40s with dark brown hair, amber eyes, heavy build, approximately 5'8"" tall. Neck tattoo. Often seen wearing beanie.",0.93,2024-08-30,2025-11-18,https://api.dicebear.com/7.x/notionists/svg?seed=criminal-female-71&backgroundColor=f0f0f0&size=256
CR20240073,Randy Robinson,28,Male,Arson,Tulsa OK,Under Investigation,"Male in early-20s with red hair, hazel eyes, stocky build, approximately 6'0"" tall.",0.88,2025-01-01,2025-11-08,https://api.dicebear.com/7.x/micah/svg?seed=criminal-male-72&backgroundColor=f0f0f0&size=256
CR20240074,Marilyn Campbell,19,Female,Stalking,Tampa FL,Wanted,"Female in early-10s with dark brown hair, green eyes, lean build, approximately 5'4"" tall. Thick eyebrows. Often seen wearing glasses.",0.91,2025-02-22,2025-11-23,https://api.dicebear.com/7.x/lorelei/svg?seed=criminal-female-73&backgroundColor=f0f0f0&size=256
CR20240075,Terry Watson,47,Male,Cybercrime,Columbus OH,Under Investigation,"Male in late-40s with brown hair, green eyes, athletic build, approximately 6'0"" tall. Neck tattoo.",0.91,2024-12-09,2025-11-12,https://api.dicebear.com/7.x/micah/svg?seed=criminal-male-74&backgroundColor=f0f0f0&size=256
CR20240076,Cheryl Patel,43,Female,Kidnapping,Colorado Springs CO,Wanted,"Female in late-40s with blonde hair, green eyes, muscular build, approximately 5'5"" tall. Receding hairline.",0.92,2024-08-04,2025-11-12,https://api.dicebear.com/7.x/adventurer/svg?seed=criminal-female-75&backgroundColor=f0f0f0&size=256
CR20240077,Raymond Smith,36,Male,Drug Possession,El Paso TX,Wanted,"Male in mid-30s with blonde hair, amber eyes, stocky build, approximately 6'1"" tall.",0.96,2025-05-02,2025-11-18,https://api.dicebear.com/7.x/adventurer/svg?seed=criminal-male-76&backgroundColor=f0f0f0&size=256
CR20240078,Hannah Long,22,Female,Harassment,Las Vegas NV,Wanted,"Female in early-20s with light brown hair, brown eyes, stocky build, approximately 5'3"" tall. Deep-set eyes. Often seen wearing beanie.",0.93,2025-02-04,2025-11-11,https://api.dicebear.com/7.x/notionists/svg?seed=criminal-female-77&backgroundColor=f0f0f0&size=256
CR20240079,William Mitchell,50,Male,Stalking,Oakland CA,Under Investigation,"Male in late-50s with gray hair, brown eyes, muscular build, approximately 6'3"" tall.",0.94,2025-10-09,2025-11-17,https://api.dicebear.com/7.x/avataaars/svg?seed=criminal-male-78&backgroundColor=f0f0f0&size=256
CR20240080,Denise Stewart,21,Female,Theft,Milwaukee WI,Wanted,"Female in early-20s with red hair, amber eyes, heavy build, approximately 5'8"" tall.",0.95,2024-02-21,2025-11-11,https://api.dicebear.com/7.x/micah/svg?seed=criminal-female-79&backgroundColor=f0f0f0&size=256
CR20240081,Alexander Morales,37,Male,Money Laundering,Mesa AZ,Wanted,"Male in mid-30s with light brown hair, brown eyes, muscular build, approximately 6'1"" tall. Mole on chin.",0.95,2025-03-07,2025-11-11,https://api.dicebear.com/7.x/bottts/svg?seed=criminal-male-80&backgroundColor=f0f0f0&size=256
CR20240082,Judy Smith,34,Female,Battery,El Paso TX,Under Investigation,"Female in mid-30s with brown hair, gray eyes, slim build, approximately 5'2"" tall. Scar on left cheek.",0.9,2024-01-06,2025-11-01,https://api.dicebear.com/7.x/micah/svg?seed=criminal-female-81&backgroundColor=f0f0f0&size=256
CR20240083,Nicholas Wright,58,Male,Drug Possession,Fort Worth TX,Wanted,"Male in late-50s with black hair, green eyes, lean build, approximately 6'3"" tall.",0.94,2025-08-03,2025-10-27,https://api.dicebear.com/7.x/adventurer/svg?seed=criminal-male-82&backgroundColor=f0f0f0&size=256
CR20240084,Amanda Torres,57,Female,Trespassing,Long Beach CA,Wanted,"Female in late-50s with salt and pepper hair, blue eyes, slim build, approximately 5'3"" tall. Often seen wearing hood.",0.92,2024-07-13,2025-11-11,https://api.dicebear.com/7.x/adventurer/svg?seed=criminal-female-83&backgroundColor=f0f0f0&size=256
CR20240085,Michael Cruz,28,Male,Cybercrime,Phoenix AZ,Wanted,"Male in early-20s with salt and pepper hair, gray eyes, slim build, approximately 5'10"" tall. Mole on chin. Often seen wearing bandana.",0.91,2024-12-24,2025-11-04,https://api.dicebear.com/7.x/lorelei/svg?seed=criminal-male-84&backgroundColor=f0f0f0&size=256
CR20240086,Tammy Morgan,31,Female,Murder,Mesa AZ,Under Investigation,"Female in mid-30s with light brown hair, brown eyes, athletic build, approximately 5'7"" tall. Receding hairline.",0.93,2025-01-24,2025-11-10,https://api.dicebear.com/7.x/avataaars/svg?seed=criminal-female-85&backgroundColor=f0f0f0&size=256
CR20240087,Louis Parker,29,Male,Extortion,Kansas City MO,Wanted,"Male in early-20s with light brown hair, blue eyes, slim build, approximately 6'1"" tall. Full lips. Often seen wearing glasses.",0.92,2024-03-16,2025-11-16,https://api.dicebear.com/7.x/bottts/svg?seed=criminal-male-86&backgroundColor=f0f0f0&size=256
CR20240088,Janet Walker,47,Female,Fraud,Tampa FL,Wanted,"Female in late-40s with gray hair, blue eyes, slim build, approximately 5'6"" tall. Wide-set eyes.",0.89,2024-08-05,2025-10-27,https://api.dicebear.com/7.x/bottts/svg?seed=criminal-female-87&backgroundColor=f0f0f0&size=256
CR20240089,Jose Foster,27,Male,Cybercrime,Austin TX,Wanted,"Male in early-20s with brown hair, blue eyes, lean build, approximately 5'10"" tall. High cheekbones. Often seen wearing sunglasses.",0.95,2024-04-18,2025-11-07,https://api.dicebear.com/7.x/notionists/svg?seed=criminal-male-88&backgroundColor=f0f0f0&size=256
CR20240090,Julie Jimenez,65,Female,Cybercrime,Chicago IL,Wanted,"Female in late-60s with salt and pepper hair, amber eyes, heavy build, approximately 5'5"" tall.",0.87,2025-06-18,2025-11-25,https://api.dicebear.com/7.x/adventurer/svg?seed=criminal-female-89&backgroundColor=f0f0f0&size=256
CR20240091,Jesse Ruiz,32,Male,Harassment,Austin TX,Wanted,"Male in mid-30s with gray hair, hazel eyes, lean build, approximately 6'3"" tall. Crooked smile. Often seen wearing beanie.",0.9,2024-07-19,2025-11-25,https://api.dicebear.com/7.x/micah/svg?seed=criminal-male-90&backgroundColor=f0f0f0&size=256
CR20240092,Susan Ward,60,Female,Trespassing,Minneapolis MN,Wanted,"Female in late-60s with red hair, green eyes, athletic build, approximately 5'9"" tall. Often seen wearing baseball cap.",0.96,2024-05-09,2025-11-25,https://api.dicebear.com/7.x/micah/svg?seed=criminal-female-91&backgroundColor=f0f0f0&size=256
CR20240093,Gabriel Morris,37,Male,Theft,Louisville KY,Wanted,"Male in mid-30s with gray hair, amber eyes, stocky build, approximately 5'11"" tall. Facial tattoo. Often seen wearing glasses.",0.94,2025-05-29,2025-10-27,https://api.dicebear.com/7.x/micah/svg?seed=criminal-male-92&backgroundColor=f0f0f0&size=256
CR20240094,Patricia Gray,64,Female,Drug Trafficking,Minneapolis MN,Wanted,"Female in late-60s with white hair, brown eyes, medium build, approximately 5'3"" tall. Receding hairline. Often seen wearing bandana.",0.95,2025-05-10,2025-11-22,https://api.dicebear.com/7.x/avataaars/svg?seed=criminal-female-93&backgroundColor=f0f0f0&size=256
CR20240095,Nathan Thomas,45,Male,Murder,Columbus OH,Wanted,"Male in late-40s with black hair, hazel eyes, athletic build, approximately 6'0"" tall. Prominent jaw. Often seen wearing hood.",0.87,2025-04-25,2025-11-12,https://api.dicebear.com/7.x/bottts/svg?seed=criminal-male-94&backgroundColor=f0f0f0&size=256
CR20240096,Diana Gray,62,Female,Arson,Atlanta GA,Wanted,"Female in late-60s with light brown hair, amber eyes, athletic build, approximately 5'5"" tall. Prominent jaw.",0.92,2025-03-17,2025-10-31,https://api.dicebear.com/7.x/micah/svg?seed=criminal-female-95&backgroundColor=f0f0f0&size=256
CR20240097,Mark King,28,Male,Cybercrime,Indianapolis IN,Under Investigation,"Male in early-20s with dark brown hair, gray eyes, stocky build, approximately 6'2"" tall. Facial tattoo.",0.91,2024-05-12,2025-11-09,https://api.dicebear.com/7.x/adventurer/svg?seed=criminal-male-96&backgroundColor=f0f0f0&size=256
CR20240098,Nicole Green,44,Female,Sexual Assault,Oklahoma City OK,Under Investigation,"Female in late-40s with black hair, green eyes, lean build, approximately 5'9"" tall. Deep-set eyes. Often seen wearing glasses.",0.91,2025-02-13,2025-11-05,https://api.dicebear.com/7.x/avataaars/svg?seed=criminal-female-97&backgroundColor=f0f0f0&size=256
CR20240099,Jonathan Peterson,40,Male,Cybercrime,Mesa AZ,Wanted,"Male in late-40s with white hair, gray eyes, athletic build, approximately 6'0"" tall. Often seen wearing hood.",0.87,2025-06-05,2025-11-13,https://api.dicebear.com/7.x/lorelei/svg?seed=criminal-male-98&backgroundColor=f0f0f0&size=256
CR20240100,Martha Alvarez,55,Female,Fraud,Fresno CA,Wanted,"Female in late-50s with red hair, brown eyes, lean build, approximately 5'3"" tall.",0.88,2024-11-12,2025-11-02,https://api.dicebear.com/7.x/micah/svg?seed=criminal-female-99&backgroundColor=f0f0f0&size=256
CR20240101,Austin Scott,25,Male,Drug Possession,Boston MA,Wanted,"Male in early-20s with gray hair, hazel eyes, heavy build, approximately 5'9"" tall. Thin lips. Often seen wearing baseball cap.",0.92,2024-04-27,2025-11-23,https://api.dicebear.com/7.x/bottts/svg?seed=criminal-male-100&backgroundColor=f0f0f0&size=256
CR20240102,Heather Bennett,57,Female,Manslaughter,Fort Worth TX,Under Investigation,"Female in late-50s with brown hair, amber eyes, stocky build, approximately 5'7"" tall. Pierced nose. Often seen wearing sunglasses.",0.9,2025-02-23,2025-11-17,https://api.dicebear.com/7.x/adventurer/svg?seed=criminal-female-101&backgroundColor=f0f0f0&size=256
CR20240103,Tyler Alvarez,24,Male,Vandalism,Charlotte NC,Wanted,"Male in early-20s with gray hair, brown eyes, heavy build, approximately 6'0"" tall.",0.88,2024-02-19,2025-10-30,https://api.dicebear.com/7.x/micah/svg?seed=criminal-male-102&backgroundColor=f0f0f0&size=256
CR20240104,Kimberly Price,53,Female,Cybercrime,Colorado Springs CO,Under Investigation,"Female in late-50s with gray hair, amber eyes, heavy build, approximately 5'6"" tall. Wide-set eyes. Often seen wearing baseball cap.",0.89,2025-08-09,2025-11-22,https://api.dicebear.com/7.x/notionists/svg?seed=criminal-female-103&backgroundColor=f0f0f0&size=256
CR20240105,Alexander Adams,52,Male,Sexual Assault,San Francisco CA,Wanted,"Male in late-50s with white hair, gray eyes, heavy build, approximately 5'8"" tall. Prominent jaw.",0.88,2025-06-02,2025-11-20,https://api.dicebear.com/7.x/notionists/svg?seed=criminal-male-104&backgroundColor=f0f0f0&size=256
CR20240106,Donna Smith,56,Female,Extortion,Detroit MI,Wanted,"Female in late-50s with gray hair, hazel eyes, stocky build, approximately 5'3"" tall. Thick eyebrows.",0.86,2025-03-28,2025-11-08,https://api.dicebear.com/7.x/notionists/svg?seed=criminal-female-105&backgroundColor=f0f0f0&size=256
CR20240107,Matthew Turner,24,Male,Harassment,Long Beach CA,Wanted,"Male in early-20s with red hair, gray eyes, medium build, approximately 5'11"" tall. Facial tattoo.",0.87,2024-04-21,2025-11-11,https://api.dicebear.com/7.x/notionists/svg?seed=criminal-male-106&backgroundColor=f0f0f0&size=256
CR20240108,Gloria Brooks,35,Female,Embezzlement,San Francisco CA,Under Investigation,"Female in mid-30s with dark brown hair, brown eyes, heavy build, approximately 5'4"" tall. Facial tattoo.",0.9,2024-09-12,2025-11-07,https://api.dicebear.com/7.x/lorelei/svg?seed=criminal-female-107&backgroundColor=f0f0f0&size=256
CR20240109,Jeremy Perez,49,Male,Assault,San Francisco CA,Wanted,"Male in late-40s with brown hair, green eyes, stocky build, approximately 5'9"" tall.",0.91,2025-04-14,2025-11-14,https://api.dicebear.com/7.x/micah/svg?seed=criminal-male-108&backgroundColor=f0f0f0&size=256
CR20240110,Janet Johnson,43,Female,Drug Possession,Louisville KY,Wanted,"Female in late-40s with brown hair, amber eyes, athletic build, approximately 5'7"" tall. Crooked smile. Often seen wearing bandana.",0.93,2024-03-17,2025-11-20,https://api.dicebear.com/7.x/lorelei/svg?seed=criminal-female-109&backgroundColor=f0f0f0&size=256
CR20240111,Andrew Ward,46,Male,Theft,Austin TX,Under Investigation,"Male in late-40s with white hair, brown eyes, lean build, approximately 6'2"" tall.",0.93,2024-08-17,2025-11-13,https://api.dicebear.com/7.x/avataaars/svg?seed=criminal-male-110&backgroundColor=f0f0f0&size=256
CR20240112,Betty Wilson,49,Female,Burglary,Arlington TX,Wanted,"Female in late-40s with light brown hair, gray eyes, slim build, approximately 5'2"" tall. Broken nose.",0.86,2025-09-24,2025-11-18,https://api.dicebear.com/7.x/micah/svg?seed=criminal-female-111&backgroundColor=f0f0f0&size=256
CR20240113,Kevin Carter,58,Male,Grand Theft Auto,Portland OR,Under Investigation,"Male in late-50s with light brown hair, amber eyes, muscular build, approximately 5'9"" tall. Pierced nose.",0.89,2025-03-10,2025-11-21,https://api.dicebear.com/7.x/avataaars/svg?seed=criminal-male-112&backgroundColor=f0f0f0&size=256
CR20240114,Amy Ramos,24,Female,Murder,Raleigh NC,Under Investigation,"Female in early-20s with black hair, hazel eyes, stocky build, approximately 5'7"" tall.",0.85,2024-02-07,2025-11-05,https://api.dicebear.com/7.x/avataaars/svg?seed=criminal-female-113&backgroundColor=f0f0f0&size=256
CR20240115,Travis Murphy,59,Male,Arson,Tampa FL,Under Investigation,"Male in late-50s with black hair, brown eyes, athletic build, approximately 6'1"" tall. Full lips.",0.9,2024-11-14,2025-10-31,https://api.dicebear.com/7.x/adventurer/svg?seed=criminal-male-114&backgroundColor=f0f0f0&size=256
CR20240116,Grace Flores,48,Female,Vandalism,Columbus OH,Under Investigation,"Female in late-40s with light brown hair, blue eyes, lean build, approximately 5'8"" tall. Often seen wearing glasses.",0.9,2024-06-17,2025-11-02,https://api.dicebear.com/7.x/adventurer/svg?seed=criminal-female-115&backgroundColor=f0f0f0&size=256
CR20240117,Benjamin Hill,24,Male,Kidnapping,New York NY,Wanted,"Male in early-20s with light brown hair, brown eyes, medium build, approximately 6'3"" tall. Missing tooth.",0.9,2023-12-15,2025-10-29,https://api.dicebear.com/7.x/bottts/svg?seed=criminal-male-116&backgroundColor=f0f0f0&size=256
CR20240118,Olivia Brown,60,Female,Manslaughter,Houston TX,Wanted,"Female in late-60s with dark brown hair, amber eyes, muscular build, approximately 5'8"" tall.",0.87,2024-02-21,2025-10-31,https://api.dicebear.com/7.x/lorelei/svg?seed=criminal-female-117&backgroundColor=f0f0f0&size=256
CR20240119,Alan Rogers,35,Male,Battery,El Paso TX,Wanted,"Male in mid-30s with gray hair, hazel eyes, medium build, approximately 6'1"" tall. Receding hairline. Often seen wearing hood.",0.87,2025-04-19,2025-11-02,https://api.dicebear.com/7.x/notionists/svg?seed=criminal-male-118&backgroundColor=f0f0f0&size=256
CR20240120,Michelle Anderson,34,Female,Manslaughter,Virginia Beach VA,Wanted,"Female in mid-30s with black hair, brown eyes, athletic build, approximately 5'2"" tall.",0.86,2025-08-26,2025-11-04,https://api.dicebear.com/7.x/adventurer/svg?seed=criminal-female-119&backgroundColor=f0f0f0&size=256
CR20240121,Dylan Cruz,58,Male,Murder,Chicago IL,Wanted,"Male in late-50s with blonde hair, hazel eyes, stocky build, approximately 5'11"" tall.",0.94,2023-12-11,2025-11-01,https://api.dicebear.com/7.x/bottts/svg?seed=criminal-male-120&backgroundColor=f0f0f0&size=256
CR20240122,Kathryn Nguyen,22,Female,Breaking and Entering,Long Beach CA,Wanted,"Female in early-20s with white hair, amber eyes, muscular build, approximately 5'5"" tall. Scar on left cheek.",0.93,2024-11-27,2025-10-27,https://api.dicebear.com/7.x/notionists/svg?seed=criminal-female-121&backgroundColor=f0f0f0&size=256
CR20240123,Alan Morris,39,Male,Manslaughter,Fresno CA,Wanted,"Male in mid-30s with blonde hair, gray eyes, stocky build, approximately 5'10"" tall. Wide-set eyes.",0.9,2024-04-24,2025-11-18,https://api.dicebear.com/7.x/micah/svg?seed=criminal-male-122&backgroundColor=f0f0f0&size=256
CR20240124,Angela Anderson,56,Female,Assault,Arlington TX,Wanted,"Female in late-50s with red hair, brown eyes, muscular build, approximately 5'8"" tall. Scar on left cheek.",0.92,2025-08-19,2025-11-02,https://api.dicebear.com/7.x/avataaars/svg?seed=criminal-female-123&backgroundColor=f0f0f0&size=256
CR20240125,James Rivera,46,Male,Harassment,San Antonio TX,Wanted,"Male in late-40s with blonde hair, gray eyes, medium build, approximately 5'9"" tall. Dimples. Often seen wearing bandana.",0.85,2024-12-02,2025-11-07,https://api.dicebear.com/7.x/notionists/svg?seed=criminal-male-124&backgroundColor=f0f0f0&size=256
CR20240126,Beverly Adams,37,Female,Burglary,Los Angeles CA,Under Investigation,"Female in mid-30s with gray hair, green eyes, athletic build, approximately 5'8"" tall. Pierced nose.",0.89,2025-10-04,2025-11-21,https://api.dicebear.com/7.x/micah/svg?seed=criminal-female-125&backgroundColor=f0f0f0&size=256
CR20240127,Mason Nguyen,19,Male,Vandalism,Fresno CA,Under Investigation,"Male in early-10s with light brown hair, gray eyes, athletic build, approximately 5'9"" tall. Dimples.",0.94,2025-06-25,2025-11-18,https://api.dicebear.com/7.x/micah/svg?seed=criminal-male-126&backgroundColor=f0f0f0&size=256
CR20240128,Sara Peterson,58,Female,Drug Trafficking,Oklahoma City OK,Wanted,"Female in late-50s with red hair, amber eyes, athletic build, approximately 5'2"" tall. Broken nose. Often seen wearing glasses.",0.92,2024-02-01,2025-11-24,https://api.dicebear.com/7.x/micah/svg?seed=criminal-female-127&backgroundColor=f0f0f0&size=256
CR20240129,David Stewart,18,Male,Cybercrime,Albuquerque NM,Wanted,"Male in early-10s with light brown hair, blue eyes, heavy build, approximately 6'0"" tall. Deep-set eyes.",0.86,2025-08-09,2025-11-16,https://api.dicebear.com/7.x/micah/svg?seed=criminal-male-128&backgroundColor=f0f0f0&size=256
CR20240130,Carolyn Nelson,53,Female,Domestic Violence,Charlotte NC,Under Investigation,"Female in late-50s with light brown hair, blue eyes, stocky build, approximately 5'8"" tall. Facial tattoo.",0.92,2025-07-19,2025-11-02,https://api.dicebear.com/7.x/avataaars/svg?seed=criminal-female-129&backgroundColor=f0f0f0&size=256
CR20240131,Alexander Robinson,22,Male,Stalking,Washington DC,Wanted,"Male in early-20s with salt and pepper hair, green eyes, athletic build, approximately 5'10"" tall. Often seen wearing glasses.",0.87,2025-06-30,2025-10-29,https://api.dicebear.com/7.x/notionists/svg?seed=criminal-male-130&backgroundColor=f0f0f0&size=256
CR20240132,Debra Patel,30,Female,Fraud,Portland OR,Wanted,"Female in mid-30s with blonde hair, brown eyes, medium build, approximately 5'9"" tall. Wide-set eyes. Often seen wearing beanie.",0.89,2025-03-17,2025-11-10,https://api.dicebear.com/7.x/avataaars/svg?seed=criminal-female-131&backgroundColor=f0f0f0&size=256
CR20240133,Zachary Scott,50,Male,Murder,San Francisco CA,Wanted,"Male in late-50s with black hair, brown eyes, lean build, approximately 6'3"" tall. Thin lips.",0.87,2024-05-29,2025-11-01,https://api.dicebear.com/7.x/notionists/svg?seed=criminal-male-132&backgroundColor=f0f0f0&size=256
CR20240134,Kathryn Brown,46,Female,Extortion,Charlotte NC,Under Investigation,"Female in late-40s with red hair, green eyes, stocky build, approximately 5'6"" tall. Thick eyebrows. Often seen wearing baseball cap.",0.92,2024-10-01,2025-11-13,https://api.dicebear.com/7.x/avataaars/svg?seed=criminal-female-133&backgroundColor=f0f0f0&size=256
CR20240135,Joseph Mendoza,39,Male,Grand Theft Auto,Oakland CA,Wanted,"Male in mid-30s with red hair, amber eyes, stocky build, approximately 6'1"" tall. Crooked smile.",0.88,2024-10-09,2025-11-09,https://api.dicebear.com/7.x/micah/svg?seed=criminal-male-134&backgroundColor=f0f0f0&size=256
CR20240136,Kathleen Williams,28,Female,Cybercrime,Charlotte NC,Under Investigation,"Female in early-20s with light brown hair, gray eyes, medium build, approximately 5'9"" tall. Thin lips.",0.92,2025-05-15,2025-10-29,https://api.dicebear.com/7.x/adventurer/svg?seed=criminal-female-135&backgroundColor=f0f0f0&size=256
CR20240137,Ryan Foster,60,Male,Harassment,Dallas TX,Under Investigation,"Male in late-60s with red hair, hazel eyes, lean build, approximately 5'10"" tall. Prominent jaw. Often seen wearing bandana.",0.89,2025-08-22,2025-11-05,https://api.dicebear.com/7.x/bottts/svg?seed=criminal-male-136&backgroundColor=f0f0f0&size=256
CR20240138,Melissa Rivera,63,Female,Cybercrime,Virginia Beach VA,Under Investigation,"Female in late-60s with white hair, brown eyes, muscular build, approximately 5'8"" tall. High cheekbones. Often seen wearing beanie.",0.84,2024-04-04,2025-11-20,https://api.dicebear.com/7.x/lorelei/svg?seed=criminal-female-137&backgroundColor=f0f0f0&size=256
CR20240139,Walter Evans,26,Male,Theft,Denver CO,Wanted,"Male in early-20s with dark brown hair, gray eyes, medium build, approximately 5'9"" tall.",0.9,2025-05-01,2025-11-13,https://api.dicebear.com/7.x/lorelei/svg?seed=criminal-male-138&backgroundColor=f0f0f0&size=256
CR20240140,Jennifer Allen,56,Female,Sexual Assault,Fresno CA,Wanted,"Female in late-50s with red hair, gray eyes, heavy build, approximately 5'3"" tall. Pierced ears. Often seen wearing sunglasses.",0.86,2025-06-03,2025-11-20,https://api.dicebear.com/7.x/micah/svg?seed=criminal-female-139&backgroundColor=f0f0f0&size=256
CR20240141,Bobby Morales,36,Male,Assault,Colorado Springs CO,Wanted,"Male in mid-30s with light brown hair, blue eyes, athletic build, approximately 6'3"" tall. Prominent jaw.",0.9,2023-12-03,2025-10-29,https://api.dicebear.com/7.x/bottts/svg?seed=criminal-male-140&backgroundColor=f0f0f0&size=256
CR20240142,Emma Peterson,38,Female,Theft,Fresno CA,Under Investigation,"Female in mid-30s with dark brown hair, gray eyes, slim build, approximately 5'4"" tall. Deep-set eyes. Often seen wearing bandana.",0.92,2023-11-29,2025-11-22,https://api.dicebear.com/7.x/bottts/svg?seed=criminal-female-141&backgroundColor=f0f0f0&size=256
CR20240143,Marcus Kim,56,Male,Assault,Miami FL,Wanted,"Male in late-50s with gray hair, green eyes, stocky build, approximately 5'9"" tall. Pierced ears.",0.85,2025-04-22,2025-11-14,https://api.dicebear.com/7.x/bottts/svg?seed=criminal-male-142&backgroundColor=f0f0f0&size=256
CR20240144,Barbara Sanchez,57,Female,Assault,Tulsa OK,Under Investigation,"Female in late-50s with white hair, gray eyes, stocky build, approximately 5'9"" tall. Crooked smile.",0.84,2025-04-06,2025-11-15,https://api.dicebear.com/7.x/micah/svg?seed=criminal-female-143&backgroundColor=f0f0f0&size=256
CR20240145,Jeremy Price,58,Male,Assault,San Francisco CA,Wanted,"Male in late-50s with gray hair, amber eyes, athletic build, approximately 6'3"" tall. Facial tattoo. Often seen wearing beanie.",0.83,2024-11-05,2025-11-02,https://api.dicebear.com/7.x/avataaars/svg?seed=criminal-male-144&backgroundColor=f0f0f0&size=256
CR20240146,Michelle Lewis,63,Female,Sexual Assault,Kansas City MO,Wanted,"Female in late-60s with dark brown hair, gray eyes, athletic build, approximately 5'2"" tall. Prominent forehead. Often seen wearing bandana.",0.89,2024-04-22,2025-10-29,https://api.dicebear.com/7.x/notionists/svg?seed=criminal-female-145&backgroundColor=f0f0f0&size=256
CR20240147,Eric Cook,59,Male,Drug Trafficking,Omaha NE,Wanted,"Male in late-50s with black hair, amber eyes, athletic build, approximately 6'1"" tall. Prominent jaw. Often seen wearing baseball cap.",0.91,2024-01-28,2025-11-14,https://api.dicebear.com/7.x/avataaars/svg?seed=criminal-male-146&backgroundColor=f0f0f0&size=256
CR20240148,Shirley Reed,46,Female,Kidnapping,Mesa AZ,Under Investigation,"Female in late-40s with light brown hair, gray eyes, lean build, approximately 5'4"" tall. Often seen wearing beanie.",0.86,2024-01-11,2025-11-12,https://api.dicebear.com/7.x/adventurer/svg?seed=criminal-female-147&backgroundColor=f0f0f0&size=256
CR20240149,Larry Howard,24,Male,Vandalism,Oakland CA,Wanted,"Male in early-20s with blonde hair, hazel eyes, slim build, approximately 6'0"" tall. Crooked smile. Often seen wearing beanie.",0.88,2025-08-25,2025-11-19,https://api.dicebear.com/7.x/notionists/svg?seed=criminal-male-148&backgroundColor=f0f0f0&size=256
CR20240150,Kathleen Sanchez,36,Female,Arson,Boston MA,Under Investigation,"Female in mid-30s with blonde hair, gray eyes, stocky build, approximately 5'3"" tall. Facial tattoo.",0.84,2024-01-22,2025-11-23,https://api.dicebear.com/7.x/adventurer/svg?seed=criminal-female-149&backgroundColor=f0f0f0&size=256
CR20240151,Arthur Walker,63,Male,Grand Theft Auto,Indianapolis IN,Under Investigation,"Male in late-60s with salt and pepper hair, hazel eyes, stocky build, approximately 6'0"" tall. Mole on chin. Often seen wearing hood.",0.84,2025-05-23,2025-11-07,https://api.dicebear.com/7.x/avataaars/svg?seed=criminal-male-150&backgroundColor=f0f0f0&size=256
CR20240152,Diane Thompson,53,Female,Sexual Assault,Arlington TX,Wanted,"Female in late-50s with light brown hair, brown eyes, heavy build, approximately 5'2"" tall. Facial tattoo.",0.89,2025-01-28,2025-10-29,https://api.dicebear.com/7.x/avataaars/svg?seed=criminal-female-151&backgroundColor=f0f0f0&size=256
CR20240153,Jose Gutierrez,35,Male,Assault,Baltimore MD,Wanted,"Male in mid-30s with gray hair, brown eyes, heavy build, approximately 5'8"" tall.",0.85,2025-01-04,2025-11-20,https://api.dicebear.com/7.x/avataaars/svg?seed=criminal-male-152&backgroundColor=f0f0f0&size=256
CR20240154,Barbara Alvarez,26,Female,Drug Trafficking,Dallas TX,Wanted,"Female in early-20s with dark brown hair, green eyes, lean build, approximately 5'4"" tall. Scar on left cheek.",0.85,2025-06-22,2025-11-09,https://api.dicebear.com/7.x/micah/svg?seed=criminal-female-153&backgroundColor=f0f0f0&size=256
CR20240155,Charles Cruz,23,Male,Theft,Phoenix AZ,Wanted,"Male in early-20s with light brown hair, amber eyes, slim build, approximately 6'2"" tall. Often seen wearing bandana.",0.83,2025-10-05,2025-11-16,https://api.dicebear.com/7.x/lorelei/svg?seed=criminal-male-154&backgroundColor=f0f0f0&size=256
CR20240156,Helen Ramirez,49,Female,Embezzlement,Arlington TX,Under Investigation,"Female in late-40s with white hair, blue eyes, slim build, approximately 5'8"" tall.",0.85,2025-02-17,2025-11-22,https://api.dicebear.com/7.x/micah/svg?seed=criminal-female-155&backgroundColor=f0f0f0&size=256
CR20240157,Raymond Murphy,34,Male,Grand Theft Auto,Denver CO,Under Investigation,"Male in mid-30s with blonde hair, blue eyes, athletic build, approximately 6'0"" tall. Deep-set eyes.",0.91,2025-06-05,2025-11-06,https://api.dicebear.com/7.x/avataaars/svg?seed=criminal-male-156&backgroundColor=f0f0f0&size=256
CR20240158,Helen Peterson,18,Female,Battery,Las Vegas NV,Under Investigation,"Female in early-10s with brown hair, green eyes, athletic build, approximately 5'8"" tall. High cheekbones.",0.91,2024-04-12,2025-10-28,https://api.dicebear.com/7.x/adventurer/svg?seed=criminal-female-157&backgroundColor=f0f0f0&size=256
CR20240159,Joshua Richardson,59,Male,Assault,New Orleans LA,Under Investigation,"Male in late-50s with dark brown hair, green eyes, heavy build, approximately 5'9"" tall.",0.86,2024-07-16,2025-11-15,https://api.dicebear.com/7.x/avataaars/svg?seed=criminal-male-158&backgroundColor=f0f0f0&size=256
CR20240160,Victoria Ortiz,39,Female,Identity Theft,Boston MA,Wanted,"Female in mid-30s with light brown hair, hazel eyes, muscular build, approximately 5'5"" tall. Receding hairline.",0.86,2024-04-25,2025-10-29,https://api.dicebear.com/7.x/notionists/svg?seed=criminal-female-159&backgroundColor=f0f0f0&size=256
CR20240161,Kenneth Martinez,50,Male,Armed Robbery,Portland OR,Wanted,"Male in late-50s with blonde hair, hazel eyes, lean build, approximately 5'11"" tall. Deep-set eyes.",0.84,2024-03-17,2025-11-13,https://api.dicebear.com/7.x/bottts/svg?seed=criminal-male-160&backgroundColor=f0f0f0&size=256
CR20240162,Madison Morales,65,Female,Armed Robbery,Milwaukee WI,Under Investigation,"Female in late-60s with blonde hair, amber eyes, athletic build, approximately 5'2"" tall. High cheekbones.",0.82,2024-12-24,2025-11-18,https://api.dicebear.com/7.x/avataaars/svg?seed=criminal-female-161&backgroundColor=f0f0f0&size=256
CR20240163,Benjamin Bailey,22,Male,Burglary,Seattle WA,Under Investigation,"Male in early-20s with brown hair, hazel eyes, lean build, approximately 5'11"" tall. Receding hairline. Often seen wearing bandana.",0.88,2025-08-17,2025-11-04,https://api.dicebear.com/7.x/adventurer/svg?seed=criminal-male-162&backgroundColor=f0f0f0&size=256
CR20240164,Emily Jackson,65,Female,Battery,Philadelphia PA,Under Investigation,"Female in late-60s with black hair, blue eyes, athletic build, approximately 5'4"" tall. Crooked smile.",0.88,2025-03-07,2025-11-18,https://api.dicebear.com/7.x/lorelei/svg?seed=criminal-female-163&backgroundColor=f0f0f0&size=256
CR20240165,Willie Kim,37,Male,Trespassing,Louisville KY,Wanted,"Male in mid-30s with dark brown hair, green eyes, slim build, approximately 5'10"" tall.",0.89,2024-07-30,2025-10-28,https://api.dicebear.com/7.x/lorelei/svg?seed=criminal-male-164&backgroundColor=f0f0f0&size=256
CR20240166,Rebecca Diaz,43,Female,Assault,Washington DC,Wanted,"Female in late-40s with black hair, gray eyes, slim build, approximately 5'2"" tall. Full lips.",0.89,2025-08-07,2025-10-30,https://api.dicebear.com/7.x/notionists/svg?seed=criminal-female-165&backgroundColor=f0f0f0&size=256
CR20240167,Vincent Murphy,39,Male,Vandalism,San Francisco CA,Wanted,"Male in mid-30s with salt and pepper hair, amber eyes, stocky build, approximately 6'3"" tall. Broken nose.",0.85,2024-10-18,2025-11-15,https://api.dicebear.com/7.x/lorelei/svg?seed=criminal-male-166&backgroundColor=f0f0f0&size=256
CR20240168,Joyce Cook,54,Female,Embezzlement,Albuquerque NM,Under Investigation,"Female in late-50s with gray hair, amber eyes, medium build, approximately 5'2"" tall. High cheekbones. Often seen wearing hood.",0.91,2024-02-02,2025-11-17,https://api.dicebear.com/7.x/lorelei/svg?seed=criminal-female-167&backgroundColor=f0f0f0&size=256
CR20240169,Benjamin Reed,27,Male,Trespassing,Tucson AZ,Under Investigation,"Male in early-20s with gray hair, blue eyes, athletic build, approximately 6'3"" tall.",0.82,2024-04-04,2025-10-27,https://api.dicebear.com/7.x/avataaars/svg?seed=criminal-male-168&backgroundColor=f0f0f0&size=256
CR20240170,Stephanie Thomas,41,Female,Cybercrime,San Diego CA,Wanted,"Female in late-40s with gray hair, gray eyes, athletic build, approximately 5'5"" tall.",0.84,2024-12-20,2025-11-11,https://api.dicebear.com/7.x/avataaars/svg?seed=criminal-female-169&backgroundColor=f0f0f0&size=256
CR20240171,Andrew Harris,65,Male,Cybercrime,Colorado Springs CO,Under Investigation,"Male in late-60s with dark brown hair, blue eyes, medium build, approximately 5'8"" tall. Dimples. Often seen wearing beanie.",0.81,2025-08-15,2025-11-18,https://api.dicebear.com/7.x/avataaars/svg?seed=criminal-male-170&backgroundColor=f0f0f0&size=256
CR20240172,Hannah Anderson,42,Female,Grand Theft Auto,Memphis TN,Wanted,"Female in late-40s with black hair, hazel eyes, medium build, approximately 5'9"" tall. Wide-set eyes.",0.87,2025-03-28,2025-11-17,https://api.dicebear.com/7.x/micah/svg?seed=criminal-female-171&backgroundColor=f0f0f0&size=256
CR20240173,George Alvarez,33,Male,Domestic Violence,Long Beach CA,Wanted,"Male in mid-30s with salt and pepper hair, amber eyes, lean build, approximately 6'3"" tall. Dimples.",0.88,2025-04-06,2025-11-16,https://api.dicebear.com/7.x/micah/svg?seed=criminal-male-172&backgroundColor=f0f0f0&size=256
CR20240174,Alice Ramirez,31,Female,Identity Theft,San Jose CA,Under Investigation,"Female in mid-30s with white hair, gray eyes, muscular build, approximately 5'9"" tall. Often seen wearing glasses.",0.88,2024-10-31,2025-11-17,https://api.dicebear.com/7.x/micah/svg?seed=criminal-female-173&backgroundColor=f0f0f0&size=256
CR20240175,Vincent Bailey,44,Male,Arson,Indianapolis IN,Wanted,"Male in late-40s with black hair, hazel eyes, medium build, approximately 5'10"" tall. Often seen wearing baseball cap.",0.82,2025-10-07,2025-11-19,https://api.dicebear.com/7.x/bottts/svg?seed=criminal-male-174&backgroundColor=f0f0f0&size=256
CR20240176,Julie Murphy,45,Female,Manslaughter,Tucson AZ,Under Investigation,"Female in late-40s with blonde hair, hazel eyes, muscular build, approximately 5'8"" tall. Missing tooth.",0.87,2024-07-10,2025-10-27,https://api.dicebear.com/7.x/bottts/svg?seed=criminal-female-175&backgroundColor=f0f0f0&size=256
CR20240177,Gregory Clark,34,Male,Harassment,Detroit MI,Wanted,"Male in mid-30s with light brown hair, brown eyes, slim build, approximately 6'1"" tall. Broken nose.",0.87,2024-04-07,2025-11-25,https://api.dicebear.com/7.x/notionists/svg?seed=criminal-male-176&backgroundColor=f0f0f0&size=256
CR20240178,Debra Adams,50,Female,Extortion,Long Beach CA,Under Investigation,"Female in late-50s with salt and pepper hair, blue eyes, athletic build, approximately 5'3"" tall. Often seen wearing sunglasses.",0.9,2024-06-25,2025-11-24,https://api.dicebear.com/7.x/notionists/svg?seed=criminal-female-177&backgroundColor=f0f0f0&size=256
CR20240179,Keith Price,41,Male,Cybercrime,Minneapolis MN,Under Investigation,"Male in late-40s with red hair, gray eyes, athletic build, approximately 5'11"" tall. Scar on left cheek.",0.84,2024-07-10,2025-11-23,https://api.dicebear.com/7.x/lorelei/svg?seed=criminal-male-178&backgroundColor=f0f0f0&size=256
CR20240180,Nancy Brown,32,Female,Extortion,San Jose CA,Wanted,"Female in mid-30s with red hair, amber eyes, slim build, approximately 5'3"" tall. Mole on chin.",0.89,2024-08-13,2025-11-19,https://api.dicebear.com/7.x/avataaars/svg?seed=criminal-female-179&backgroundColor=f0f0f0&size=256
CR20240181,Russell Torres,50,Male,Burglary,Louisville KY,Wanted,"Male in late-50s with salt and pepper hair, amber eyes, medium build, approximately 5'10"" tall. Receding hairline.",0.84,2025-04-26,2025-11-07,https://api.dicebear.com/7.x/lorelei/svg?seed=criminal-male-180&backgroundColor=f0f0f0&size=256
CR20240182,Dorothy Jones,56,Female,Sexual Assault,San Francisco CA,Wanted,"Female in late-50s with white hair, gray eyes, medium build, approximately 5'5"" tall.",0.85,2024-12-30,2025-10-30,https://api.dicebear.com/7.x/avataaars/svg?seed=criminal-female-181&backgroundColor=f0f0f0&size=256
CR20240183,Roger Taylor,19,Male,Arson,San Diego CA,Under Investigation,"Male in early-10s with blonde hair, brown eyes, muscular build, approximately 5'10"" tall. Broken nose.",0.82,2024-09-06,2025-11-07,https://api.dicebear.com/7.x/avataaars/svg?seed=criminal-male-182&backgroundColor=f0f0f0&size=256
CR20240184,Amy Rodriguez,50,Female,Embezzlement,Minneapolis MN,Wanted,"Female in late-50s with black hair, green eyes, lean build, approximately 5'5"" tall. Often seen wearing sunglasses.",0.85,2025-01-31,2025-11-17,https://api.dicebear.com/7.x/bottts/svg?seed=criminal-female-183&backgroundColor=f0f0f0&size=256
CR20240185,Carl Reyes,29,Male,Harassment,San Antonio TX,Wanted,"Male in early-20s with gray hair, gray eyes, athletic build, approximately 5'10"" tall. Mole on chin.",0.9,2024-02-13,2025-11-21,https://api.dicebear.com/7.x/bottts/svg?seed=criminal-male-184&backgroundColor=f0f0f0&size=256
CR20240186,Ann Bailey,45,Female,Armed Robbery,Detroit MI,Wanted,"Female in late-40s with brown hair, gray eyes, slim build, approximately 5'4"" tall. Dimples.",0.83,2024-10-25,2025-11-11,https://api.dicebear.com/7.x/avataaars/svg?seed=criminal-female-185&backgroundColor=f0f0f0&size=256
CR20240187,Gary Rodriguez,62,Male,Stalking,Philadelphia PA,Wanted,"Male in late-60s with dark brown hair, amber eyes, lean build, approximately 6'3"" tall.",0.89,2024-07-12,2025-11-22,https://api.dicebear.com/7.x/bottts/svg?seed=criminal-male-186&backgroundColor=f0f0f0&size=256
CR20240188,Alice Hernandez,64,Female,Drug Trafficking,Detroit MI,Under Investigation,"Female in late-60s with gray hair, amber eyes, heavy build, approximately 5'5"" tall. Wide-set eyes.",0.83,2024-04-03,2025-11-18,https://api.dicebear.com/7.x/bottts/svg?seed=criminal-female-187&backgroundColor=f0f0f0&size=256
CR20240189,Jesse Clark,23,Male,Armed Robbery,Miami FL,Wanted,"Male in early-20s with salt and pepper hair, amber eyes, lean build, approximately 5'11"" tall.",0.84,2025-05-16,2025-10-28,https://api.dicebear.com/7.x/lorelei/svg?seed=criminal-male-188&backgroundColor=f0f0f0&size=256
CR20240190,Alice Parker,62,Female,Battery,Omaha NE,Under Investigation,"Female in late-60s with brown hair, hazel eyes, stocky build, approximately 5'5"" tall. Facial tattoo. Often seen wearing glasses.",0.85,2025-10-14,2025-10-31,https://api.dicebear.com/7.x/bottts/svg?seed=criminal-female-189&backgroundColor=f0f0f0&size=256
CR20240191,Mark Miller,33,Male,Extortion,Denver CO,Under Investigation,"Male in mid-30s with dark brown hair, amber eyes, athletic build, approximately 5'8"" tall. Thick eyebrows. Often seen wearing glasses.",0.82,2024-12-25,2025-11-19,https://api.dicebear.com/7.x/lorelei/svg?seed=criminal-male-190&backgroundColor=f0f0f0&size=256
CR20240192,Sarah Jones,42,Female,Theft,Austin TX,Under Investigation,"Female in late-40s with light brown hair, brown eyes, lean build, approximately 5'5"" tall.",0.89,2025-09-09,2025-11-11,https://api.dicebear.com/7.x/bottts/svg?seed=criminal-female-191&backgroundColor=f0f0f0&size=256
CR20240193,Paul Morris,41,Male,Assault,Dallas TX,Wanted,"Male in late-40s with dark brown hair, hazel eyes, slim build, approximately 6'2"" tall. High cheekbones.",0.89,2025-10-20,2025-11-08,https://api.dicebear.com/7.x/avataaars/svg?seed=criminal-male-192&backgroundColor=f0f0f0&size=256
CR20240194,Brenda Torres,26,Female,Armed Robbery,Denver CO,Under Investigation,"Female in early-20s with black hair, green eyes, stocky build, approximately 5'2"" tall. Full lips.",0.82,2025-02-21,2025-11-20,https://api.dicebear.com/7.x/micah/svg?seed=criminal-female-193&backgroundColor=f0f0f0&size=256
CR20240195,Sean Cook,51,Male,Manslaughter,Chicago IL,Under Investigation,"Male in late-50s with gray hair, hazel eyes, slim build, approximately 6'3"" tall. Crooked smile. Often seen wearing hood.",0.87,2024-12-12,2025-10-30,https://api.dicebear.com/7.x/notionists/svg?seed=criminal-male-194&backgroundColor=f0f0f0&size=256
CR20240196,Brenda Harris,60,Female,Drug Possession,El Paso TX,Under Investigation,"Female in late-60s with red hair, amber eyes, heavy build, approximately 5'7"" tall. Missing tooth.",0.82,2024-12-03,2025-11-17,https://api.dicebear.com/7.x/avataaars/svg?seed=criminal-female-195&backgroundColor=f0f0f0&size=256
CR20240197,Travis Hill,26,Male,Kidnapping,Fresno CA,Under Investigation,"Male in early-20s with light brown hair, brown eyes, stocky build, approximately 5'11"" tall. Often seen wearing beanie.",0.8,2025-06-17,2025-11-02,https://api.dicebear.com/7.x/avataaars/svg?seed=criminal-male-196&backgroundColor=f0f0f0&size=256
CR20240198,Carol Reed,20,Female,Manslaughter,Kansas City MO,Under Investigation,"Female in early-20s with red hair, hazel eyes, medium build, approximately 5'2"" tall. Broken nose.",0.83,2025-05-13,2025-11-03,https://api.dicebear.com/7.x/bottts/svg?seed=criminal-female-197&backgroundColor=f0f0f0&size=256
CR20240199,Jonathan Morales,47,Male,Cybercrime,Milwaukee WI,Under Investigation,"Male in late-40s with white hair, brown eyes, muscular build, approximately 5'10"" tall. Full lips. Often seen wearing beanie.",0.82,2024-12-16,2025-11-14,https://api.dicebear.com/7.x/notionists/svg?seed=criminal-male-198&backgroundColor=f0f0f0&size=256
CR20240200,Madison Harris,49,Female,Armed Robbery,Long Beach CA,Wanted,"Female in late-40s with red hair, green eyes, slim build, approximately 5'4"" tall. Prominent forehead. Often seen wearing baseball cap.",0.8,2024-12-01,2025-11-07,https://api.dicebear.com/7.x/micah/svg?seed=criminal-female-199&backgroundColor=f0f0f0&size=256
CR20240201,Jesse Lopez,30,Male,Arson,Indianapolis IN,Wanted,"Male in mid-30s with red hair, amber eyes, stocky build, approximately 6'1"" tall. Prominent forehead.",0.83,2024-02-07,2025-11-19,https://api.dicebear.com/7.x/adventurer/svg?seed=criminal-male-200&backgroundColor=f0f0f0&size=256
CR20240202,Cheryl Green,34,Female,Breaking and Entering,Virginia Beach VA,Under Investigation,"Female in mid-30s with dark brown hair, green eyes, lean build, approximately 5'6"" tall. High cheekbones.",0.79,2025-09-04,2025-10-31,https://api.dicebear.com/7.x/notionists/svg?seed=criminal-female-201&backgroundColor=f0f0f0&size=256
CR20240203,Raymond Miller,56,Male,Extortion,Boston MA,Wanted,"Male in late-50s with blonde hair, gray eyes, slim build, approximately 5'8"" tall. Scar on right eyebrow. Often seen wearing hood.",0.89,2024-04-15,2025-11-23,https://api.dicebear.com/7.x/avataaars/svg?seed=criminal-male-202&backgroundColor=f0f0f0&size=256
CR20240204,Victoria Garcia,18,Female,Armed Robbery,Sacramento CA,Under Investigation,"Female in early-10s with white hair, hazel eyes, slim build, approximately 5'4"" tall. Facial tattoo.",0.82,2024-04-25,2025-11-05,https://api.dicebear.com/7.x/micah/svg?seed=criminal-female-203&backgroundColor=f0f0f0&size=256
CR20240205,Jordan Campbell,30,Male,Kidnapping,Portland OR,Under Investigation,"Male in mid-30s with blonde hair, gray eyes, slim build, approximately 5'10"" tall.",0.84,2025-02-03,2025-11-04,https://api.dicebear.com/7.x/bottts/svg?seed=criminal-male-204&backgroundColor=f0f0f0&size=256
CR20240206,Megan Williams,32,Female,Drug Trafficking,Fresno CA,Wanted,"Female in mid-30s with red hair, brown eyes, medium build, approximately 5'4"" tall. Missing tooth. Often seen wearing hood.",0.87,2025-07-31,2025-10-28,https://api.dicebear.com/7.x/adventurer/svg?seed=criminal-female-205&backgroundColor=f0f0f0&size=256
CR20240207,Timothy Morgan,56,Male,Kidnapping,Nashville TN,Under Investigation,"Male in late-50s with brown hair, blue eyes, heavy build, approximately 5'9"" tall. Full lips.",0.79,2025-02-15,2025-11-23,https://api.dicebear.com/7.x/bottts/svg?seed=criminal-male-206&backgroundColor=f0f0f0&size=256
CR20240208,Gloria Ward,60,Female,Manslaughter,Indianapolis IN,Under Investigation,"Female in late-60s with gray hair, brown eyes, medium build, approximately 5'6"" tall. Scar on left cheek.",0.87,2025-01-06,2025-10-31,https://api.dicebear.com/7.x/lorelei/svg?seed=criminal-female-207&backgroundColor=f0f0f0&size=256
CR20240209,Christopher Williams,44,Male,Embezzlement,Detroit MI,Wanted,"Male in late-40s with black hair, blue eyes, heavy build, approximately 6'1"" tall. Deep-set eyes.",0.81,2024-10-22,2025-10-30,https://api.dicebear.com/7.x/micah/svg?seed=criminal-male-208&backgroundColor=f0f0f0&size=256
CR20240210,Jean King,46,Female,Harassment,Oklahoma City OK,Wanted,"Female in late-40s with salt and pepper hair, hazel eyes, slim build, approximately 5'8"" tall. Prominent jaw. Often seen wearing hood.",0.79,2025-01-11,2025-11-16,https://api.dicebear.com/7.x/micah/svg?seed=criminal-female-209&backgroundColor=f0f0f0&size=256
CR20240211,Nicholas Wright,20,Male,Grand Theft Auto,Tucson AZ,Wanted,"Male in early-20s with white hair, green eyes, lean build, approximately 5'8"" tall. Full lips.",0.86,2024-12-02,2025-11-09,https://api.dicebear.com/7.x/lorelei/svg?seed=criminal-male-210&backgroundColor=f0f0f0&size=256
CR20240212,Diane Brooks,31,Female,Cybercrime,Arlington TX,Wanted,"Female in mid-30s with blonde hair, amber eyes, muscular build, approximately 5'8"" tall. Often seen wearing baseball cap.",0.87,2025-01-24,2025-11-11,https://api.dicebear.com/7.x/bottts/svg?seed=criminal-female-211&backgroundColor=f0f0f0&size=256
CR20240213,Christian Walker,37,Male,Drug Possession,Houston TX,Under Investigation,"Male in mid-30s with light brown hair, gray eyes, stocky build, approximately 5'9"" tall. Broken nose. Often seen wearing bandana.",0.88,2024-10-05,2025-10-29,https://api.dicebear.com/7.x/adventurer/svg?seed=criminal-male-212&backgroundColor=f0f0f0&size=256
CR20240214,Susan Jackson,42,Female,Drug Possession,Austin TX,Under Investigation,"Female in late-40s with salt and pepper hair, green eyes, stocky build, approximately 5'5"" tall. Often seen wearing bandana.",0.85,2025-02-21,2025-11-19,https://api.dicebear.com/7.x/micah/svg?seed=criminal-female-213&backgroundColor=f0f0f0&size=256
CR20240215,Harold Reyes,33,Male,Identity Theft,Atlanta GA,Under Investigation,"Male in mid-30s with dark brown hair, green eyes, lean build, approximately 6'0"" tall. Receding hairline. Often seen wearing beanie.",0.81,2025-04-24,2025-11-13,https://api.dicebear.com/7.x/bottts/svg?seed=criminal-male-214&backgroundColor=f0f0f0&size=256
CR20240216,Jennifer Thompson,51,Female,Identity Theft,Albuquerque NM,Wanted,"Female in late-50s with brown hair, gray eyes, muscular build, approximately 5'6"" tall. Scar on left cheek. Often seen wearing hood.",0.82,2024-04-28,2025-11-03,https://api.dicebear.com/7.x/lorelei/svg?seed=criminal-female-215&backgroundColor=f0f0f0&size=256
CR20240217,Walter Price,43,Male,Identity Theft,San Diego CA,Wanted,"Male in late-40s with red hair, blue eyes, muscular build, approximately 5'8"" tall.",0.85,2023-12-29,2025-11-08,https://api.dicebear.com/7.x/micah/svg?seed=criminal-male-216&backgroundColor=f0f0f0&size=256
CR20240218,Cheryl Sanchez,26,Female,Stalking,Raleigh NC,Under Investigation,"Female in early-20s with blonde hair, gray eyes, lean build, approximately 5'9"" tall. Broken nose.",0.85,2024-10-28,2025-11-10,https://api.dicebear.com/7.x/bottts/svg?seed=criminal-female-217&backgroundColor=f0f0f0&size=256
CR20240219,Juan Bailey,65,Male,Harassment,Columbus OH,Wanted,"Male in late-60s with dark brown hair, amber eyes, stocky build, approximately 5'8"" tall. Deep-set eyes.",0.86,2025-09-27,2025-11-25,https://api.dicebear.com/7.x/micah/svg?seed=criminal-male-218&backgroundColor=f0f0f0&size=256
CR20240220,Charlotte Mendoza,45,Female,Trespassing,Minneapolis MN,Wanted,"Female in late-40s with black hair, blue eyes, muscular build, approximately 5'9"" tall. Deep-set eyes. Often seen wearing sunglasses.",0.85,2025-10-05,2025-11-15,https://api.dicebear.com/7.x/micah/svg?seed=criminal-female-219&backgroundColor=f0f0f0&size=256
CR20240221,Dylan Evans,39,Male,Sexual Assault,San Francisco CA,Under Investigation,"Male in mid-30s with light brown hair, brown eyes, heavy build, approximately 6'1"" tall. Often seen wearing baseball cap.",0.86,2023-12-01,2025-11-21,https://api.dicebear.com/7.x/lorelei/svg?seed=criminal-male-220&backgroundColor=f0f0f0&size=256
CR20240222,Isabella Mitchell,45,Female,Burglary,Boston MA,Wanted,"Female in late-40s with light brown hair, amber eyes, medium build, approximately 5'7"" tall. Prominent jaw. Often seen wearing hood.",0.85,2024-11-14,2025-11-11,https://api.dicebear.com/7.x/bottts/svg?seed=criminal-female-221&backgroundColor=f0f0f0&size=256
CR20240223,Jeremy Allen,25,Male,Money Laundering,Atlanta GA,Under Investigation,"Male in early-20s with black hair, blue eyes, medium build, approximately 6'2"" tall. Deep-set eyes.",0.84,2024-09-01,2025-11-12,https://api.dicebear.com/7.x/lorelei/svg?seed=criminal-male-222&backgroundColor=f0f0f0&size=256
CR20240224,Karen Cox,53,Female,Grand Theft Auto,Fort Worth TX,Under Investigation,"Female in late-50s with black hair, green eyes, athletic build, approximately 5'5"" tall. Scar on right eyebrow.",0.86,2024-12-08,2025-11-09,https://api.dicebear.com/7.x/micah/svg?seed=criminal-female-223&backgroundColor=f0f0f0&size=256
CR20240225,Roy Long,34,Male,Breaking and Entering,Albuquerque NM,Under Investigation,"Male in mid-30s with brown hair, gray eyes, medium build, approximately 6'0"" tall. Prominent forehead. Often seen wearing bandana.",0.78,2024-05-29,2025-11-23,https://api.dicebear.com/7.x/adventurer/svg?seed=criminal-male-224&backgroundColor=f0f0f0&size=256
CR20240226,Christina Adams,50,Female,Arson,Albuquerque NM,Wanted,"Female in late-50s with dark brown hair, hazel eyes, lean build, approximately 5'6"" tall.",0.85,2025-09-07,2025-10-29,https://api.dicebear.com/7.x/avataaars/svg?seed=criminal-female-225&backgroundColor=f0f0f0&size=256
CR20240227,Randy Kim,31,Male,Assault,San Diego CA,Under Investigation,"Male in mid-30s with brown hair, blue eyes, lean build, approximately 5'9"" tall. Mole on chin. Often seen wearing bandana.",0.78,2025-09-16,2025-11-05,https://api.dicebear.com/7.x/bottts/svg?seed=criminal-male-226&backgroundColor=f0f0f0&size=256
CR20240228,Melissa Cook,18,Female,Assault,Omaha NE,Wanted,"Female in early-10s with black hair, hazel eyes, lean build, approximately 5'9"" tall. Deep-set eyes.",0.82,2025-04-30,2025-10-30,https://api.dicebear.com/7.x/micah/svg?seed=criminal-female-227&backgroundColor=f0f0f0&size=256
CR20240229,Nathan Thompson,43,Male,Kidnapping,Houston TX,Wanted,"Male in late-40s with gray hair, hazel eyes, muscular build, approximately 5'11"" tall. Wide-set eyes.",0.8,2025-09-21,2025-11-24,https://api.dicebear.com/7.x/notionists/svg?seed=criminal-male-228&backgroundColor=f0f0f0&size=256
CR20240230,Amber Johnson,45,Female,Armed Robbery,San Jose CA,Wanted,"Female in late-40s with white hair, brown eyes, muscular build, approximately 5'7"" tall. Prominent jaw. Often seen wearing bandana.",0.83,2025-10-06,2025-10-29,https://api.dicebear.com/7.x/bottts/svg?seed=criminal-female-229&backgroundColor=f0f0f0&size=256
CR20240231,Alan Nelson,33,Male,Kidnapping,El Paso TX,Wanted,"Male in mid-30s with blonde hair, blue eyes, medium build, approximately 6'1"" tall.",0.83,2024-03-31,2025-10-29,https://api.dicebear.com/7.x/avataaars/svg?seed=criminal-male-230&backgroundColor=f0f0f0&size=256
CR20240232,Jessica Hernandez,52,Female,Murder,Dallas TX,Under Investigation,"Female in late-50s with black hair, amber eyes, heavy build, approximately 5'6"" tall. Thick eyebrows.",0.86,2024-01-19,2025-11-18,https://api.dicebear.com/7.x/notionists/svg?seed=criminal-female-231&backgroundColor=f0f0f0&size=256
CR20240233,Peter Mitchell,56,Male,Manslaughter,Charlotte NC,Under Investigation,"Male in late-50s with white hair, hazel eyes, stocky build, approximately 5'8"" tall. Prominent jaw. Often seen wearing sunglasses.",0.87,2025-09-10,2025-11-12,https://api.dicebear.com/7.x/adventurer/svg?seed=criminal-male-232&backgroundColor=f0f0f0&size=256
CR20240234,Debra Wood,50,Female,Fraud,Los Angeles CA,Wanted,"Female in late-50s with black hair, brown eyes, slim build, approximately 5'4"" tall. Neck tattoo. Often seen wearing beanie.",0.78,2025-04-03,2025-11-09,https://api.dicebear.com/7.x/adventurer/svg?seed=criminal-female-233&backgroundColor=f0f0f0&size=256
CR20240235,Marcus Price,36,Male,Trespassing,Las Vegas NV,Wanted,"Male in mid-30s with blonde hair, hazel eyes, lean build, approximately 6'3"" tall. Crooked smile.",0.78,2025-07-21,2025-10-31,https://api.dicebear.com/7.x/lorelei/svg?seed=criminal-male-234&backgroundColor=f0f0f0&size=256
CR20240236,Cheryl Evans,23,Female,Breaking and Entering,Washington DC,Wanted,"Female in early-20s with blonde hair, green eyes, slim build, approximately 5'9"" tall. Thick eyebrows.",0.77,2023-12-14,2025-11-08,https://api.dicebear.com/7.x/bottts/svg?seed=criminal-female-235&backgroundColor=f0f0f0&size=256
CR20240237,Bobby Wilson,41,Male,Burglary,Philadelphia PA,Wanted,"Male in late-40s with brown hair, brown eyes, athletic build, approximately 5'11"" tall. Missing tooth. Often seen wearing hood.",0.8,2024-09-05,2025-11-09,https://api.dicebear.com/7.x/micah/svg?seed=criminal-male-236&backgroundColor=f0f0f0&size=256
CR20240238,Pamela Long,40,Female,Embezzlement,Raleigh NC,Wanted,"Female in late-40s with black hair, brown eyes, stocky build, approximately 5'2"" tall. Full lips. Often seen wearing bandana.",0.83,2025-07-16,2025-11-21,https://api.dicebear.com/7.x/adventurer/svg?seed=criminal-female-237&backgroundColor=f0f0f0&size=256
CR20240239,Matthew Cook,60,Male,Domestic Violence,Milwaukee WI,Wanted,"Male in late-60s with gray hair, gray eyes, medium build, approximately 6'3"" tall. Often seen wearing glasses.",0.82,2025-10-08,2025-10-29,https://api.dicebear.com/7.x/bottts/svg?seed=criminal-male-238&backgroundColor=f0f0f0&size=256
CR20240240,Susan Lewis,21,Female,Embezzlement,Phoenix AZ,Under Investigation,"Female in early-20s with gray hair, blue eyes, medium build, approximately 5'5"" tall.",0.84,2025-03-28,2025-10-31,https://api.dicebear.com/7.x/adventurer/svg?seed=criminal-female-239&backgroundColor=f0f0f0&size=256
CR20240241,Travis Price,56,Male,Vandalism,Denver CO,Wanted,"Male in late-50s with dark brown hair, brown eyes, slim build, approximately 6'0"" tall. Thick eyebrows.",0.78,2024-07-04,2025-11-24,https://api.dicebear.com/7.x/lorelei/svg?seed=criminal-male-240&backgroundColor=f0f0f0&size=256
CR20240242,Debra Campbell,55,Female,Burglary,San Jose CA,Wanted,"Female in late-50s with red hair, amber eyes, athletic build, approximately 5'7"" tall. Often seen wearing bandana.",0.83,2023-12-08,2025-11-25,https://api.dicebear.com/7.x/bottts/svg?seed=criminal-female-241&backgroundColor=f0f0f0&size=256
CR20240243,Nathan Morgan,29,Male,Identity Theft,Long Beach CA,Wanted,"Male in early-20s with gray hair, amber eyes, muscular build, approximately 6'0"" tall. Missing tooth. Often seen wearing bandana.",0.85,2025-07-27,2025-11-22,https://api.dicebear.com/7.x/micah/svg?seed=criminal-male-242&backgroundColor=f0f0f0&size=256
CR20240244,Lisa Smith,51,Female,Murder,Colorado Springs CO,Under Investigation,"Female in late-50s with brown hair, hazel eyes, medium build, approximately 5'2"" tall. Missing tooth. Often seen wearing sunglasses.",0.86,2025-09-29,2025-11-25,https://api.dicebear.com/7.x/notionists/svg?seed=criminal-female-243&backgroundColor=f0f0f0&size=256
CR20240245,Ralph Scott,44,Male,Kidnapping,Kansas City MO,Under Investigation,"Male in late-40s with salt and pepper hair, gray eyes, heavy build, approximately 5'9"" tall. Deep-set eyes. Often seen wearing glasses.",0.83,2024-04-08,2025-11-17,https://api.dicebear.com/7.x/adventurer/svg?seed=criminal-male-244&backgroundColor=f0f0f0&size=256
CR20240246,Sharon Smith,40,Female,Manslaughter,Seattle WA,Under Investigation,"Female in late-40s with blonde hair, brown eyes, muscular build, approximately 5'8"" tall.",0.8,2024-10-06,2025-11-22,https://api.dicebear.com/7.x/notionists/svg?seed=criminal-female-245&backgroundColor=f0f0f0&size=256
CR20240247,Richard Sanders,36,Male,Domestic Violence,Baltimore MD,Under Investigation,"Male in mid-30s with dark brown hair, amber eyes, slim build, approximately 6'2"" tall. Receding hairline.",0.85,2025-06-25,2025-11-16,https://api.dicebear.com/7.x/notionists/svg?seed=criminal-male-246&backgroundColor=f0f0f0&size=256
CR20240248,Teresa Ward,18,Female,Money Laundering,Philadelphia PA,Wanted,"Female in early-10s with dark brown hair, hazel eyes, heavy build, approximately 5'8"" tall. Thin lips. Often seen wearing hood.",0.76,2024-12-20,2025-11-18,https://api.dicebear.com/7.x/avataaars/svg?seed=criminal-female-247&backgroundColor=f0f0f0&size=256
CR20240249,Jerry Long,45,Male,Embezzlement,Omaha NE,Wanted,"Male in late-40s with dark brown hair, brown eyes, slim build, approximately 5'8"" tall. Pierced ears.",0.78,2025-07-11,2025-11-04,https://api.dicebear.com/7.x/lorelei/svg?seed=criminal-male-248&backgroundColor=f0f0f0&size=256
CR20240250,Cynthia Nguyen,56,Female,Cybercrime,Jacksonville FL,Under Investigation,"Female in late-50s with salt and pepper hair, gray eyes, athletic build, approximately 5'9"" tall.",0.84,2025-09-29,2025-11-06,https://api.dicebear.com/7.x/notionists/svg?seed=criminal-female-249&backgroundColor=f0f0f0&size=256
CR20240251,Roy Diaz,41,Male,Stalking,Miami FL,Wanted,"Male in late-40s with blonde hair, hazel eyes, medium build, approximately 6'1"" tall.",0.85,2025-01-02,2025-11-21,https://api.dicebear.com/7.x/avataaars/svg?seed=criminal-male-250&backgroundColor=f0f0f0&size=256
CR20240252,Virginia Thompson,62,Female,Cybercrime,Minneapolis MN,Under Investigation,"Female in late-60s with gray hair, brown eyes, medium build, approximately 5'7"" tall. Neck tattoo.",0.85,2024-04-11,2025-11-23,https://api.dicebear.com/7.x/lorelei/svg?seed=criminal-female-251&backgroundColor=f0f0f0&size=256
CR20240253,Alan Peterson,40,Male,Burglary,Baltimore MD,Under Investigation,"Male in late-40s with white hair, green eyes, stocky build, approximately 5'9"" tall. Receding hairline.",0.85,2025-05-19,2025-11-24,https://api.dicebear.com/7.x/notionists/svg?seed=criminal-male-252&backgroundColor=f0f0f0&size=256
CR20240254,Sandra King,23,Female,Extortion,San Francisco CA,Under Investigation,"Female in early-20s with light brown hair, blue eyes, muscular build, approximately 5'2"" tall. Pierced ears.",0.77,2024-07-06,2025-11-01,https://api.dicebear.com/7.x/micah/svg?seed=criminal-female-253&backgroundColor=f0f0f0&size=256
CR20240255,Wayne Evans,19,Male,Kidnapping,Memphis TN,Wanted,"Male in early-10s with light brown hair, amber eyes, medium build, approximately 5'9"" tall. Often seen wearing baseball cap.",0.78,2024-02-20,2025-11-15,https://api.dicebear.com/7.x/bottts/svg?seed=criminal-male-254&backgroundColor=f0f0f0&size=256
CR20240256,Michelle Davis,36,Female,Embezzlement,Miami FL,Wanted,"Female in mid-30s with salt and pepper hair, blue eyes, athletic build, approximately 5'3"" tall. Receding hairline.",0.83,2025-04-24,2025-11-15,https://api.dicebear.com/7.x/avataaars/svg?seed=criminal-female-255&backgroundColor=f0f0f0&size=256
CR20240257,Billy Mendoza,54,Male,Drug Possession,Austin TX,Under Investigation,"Male in late-50s with gray hair, brown eyes, lean build, approximately 6'3"" tall. Deep-set eyes.",0.76,2025-10-06,2025-11-24,https://api.dicebear.com/7.x/avataaars/svg?seed=criminal-male-256&backgroundColor=f0f0f0&size=256
CR20240258,Joan Kim,30,Female,Drug Possession,Houston TX,Under Investigation,"Female in mid-30s with black hair, hazel eyes, lean build, approximately 5'4"" tall. Neck tattoo.",0.83,2024-07-02,2025-10-31,https://api.dicebear.com/7.x/micah/svg?seed=criminal-female-257&backgroundColor=f0f0f0&size=256
CR20240259,Roy Walker,46,Male,Drug Trafficking,Houston TX,Wanted,"Male in late-40s with black hair, gray eyes, stocky build, approximately 5'11"" tall. Prominent forehead.",0.8,2024-11-16,2025-11-24,https://api.dicebear.com/7.x/adventurer/svg?seed=criminal-male-258&backgroundColor=f0f0f0&size=256
CR20240260,Brittany Lewis,21,Female,Embezzlement,Portland OR,Wanted,"Female in early-20s with black hair, brown eyes, lean build, approximately 5'7"" tall.",0.79,2025-09-04,2025-11-09,https://api.dicebear.com/7.x/adventurer/svg?seed=criminal-female-259&backgroundColor=f0f0f0&size=256
CR20240261,Christopher Rodriguez,28,Male,Cybercrime,Sacramento CA,Wanted,"Male in early-20s with salt and pepper hair, gray eyes, medium build, approximately 5'10"" tall. Prominent forehead.",0.78,2025-01-03,2025-11-11,https://api.dicebear.com/7.x/bottts/svg?seed=criminal-male-260&backgroundColor=f0f0f0&size=256
CR20240262,Betty Taylor,28,Female,Fraud,Denver CO,Wanted,"Female in early-20s with red hair, hazel eyes, slim build, approximately 5'8"" tall. Scar on right eyebrow. Often seen wearing baseball cap.",0.78,2024-07-23,2025-11-09,https://api.dicebear.com/7.x/notionists/svg?seed=criminal-female-261&backgroundColor=f0f0f0&size=256
CR20240263,William Gonzalez,40,Male,Theft,Long Beach CA,Wanted,"Male in late-40s with white hair, brown eyes, athletic build, approximately 6'3"" tall. Neck tattoo.",0.85,2024-12-03,2025-11-02,https://api.dicebear.com/7.x/notionists/svg?seed=criminal-male-262&backgroundColor=f0f0f0&size=256
CR20240264,Jacqueline Richardson,61,Female,Money Laundering,Milwaukee WI,Wanted,"Female in late-60s with gray hair, brown eyes, muscular build, approximately 5'9"" tall.",0.75,2025-09-12,2025-11-08,https://api.dicebear.com/7.x/avataaars/svg?seed=criminal-female-263&backgroundColor=f0f0f0&size=256
CR20240265,Patrick Hernandez,50,Male,Fraud,Long Beach CA,Wanted,"Male in late-50s with brown hair, amber eyes, medium build, approximately 5'8"" tall. Pierced ears.",0.83,2025-07-09,2025-11-05,https://api.dicebear.com/7.x/avataaars/svg?seed=criminal-male-264&backgroundColor=f0f0f0&size=256
CR20240266,Marie Bailey,65,Female,Embezzlement,Minneapolis MN,Under Investigation,"Female in late-60s with dark brown hair, green eyes, stocky build, approximately 5'7"" tall. Deep-set eyes. Often seen wearing hood.",0.84,2025-03-12,2025-11-21,https://api.dicebear.com/7.x/adventurer/svg?seed=criminal-female-265&backgroundColor=f0f0f0&size=256
CR20240267,Keith Ross,30,Male,Kidnapping,Long Beach CA,Under Investigation,"Male in mid-30s with gray hair, blue eyes, muscular build, approximately 5'9"" tall.",0.81,2024-09-17,2025-11-02,https://api.dicebear.com/7.x/bottts/svg?seed=criminal-male-266&backgroundColor=f0f0f0&size=256
CR20240268,Lauren Carter,32,Female,Domestic Violence,Albuquerque NM,Wanted,"Female in mid-30s with red hair, green eyes, athletic build, approximately 5'2"" tall. Pierced ears. Often seen wearing bandana.",0.75,2024-02-06,2025-11-17,https://api.dicebear.com/7.x/lorelei/svg?seed=criminal-female-267&backgroundColor=f0f0f0&size=256
CR20240269,Arthur Reed,19,Male,Drug Possession,San Antonio TX,Wanted,"Male in early-10s with red hair, blue eyes, lean build, approximately 5'9"" tall. Crooked smile. Often seen wearing glasses.",0.78,2024-07-27,2025-10-28,https://api.dicebear.com/7.x/adventurer/svg?seed=criminal-male-268&backgroundColor=f0f0f0&size=256
CR20240270,Deborah Green,42,Female,Sexual Assault,Milwaukee WI,Wanted,"Female in late-40s with blonde hair, gray eyes, heavy build, approximately 5'8"" tall. Prominent jaw.",0.81,2024-08-11,2025-11-11,https://api.dicebear.com/7.x/bottts/svg?seed=criminal-female-269&backgroundColor=f0f0f0&size=256
CR20240271,Daniel Morris,52,Male,Theft,Philadelphia PA,Under Investigation,"Male in late-50s with blonde hair, gray eyes, lean build, approximately 5'8"" tall. Scar on right eyebrow.",0.75,2024-07-02,2025-10-29,https://api.dicebear.com/7.x/micah/svg?seed=criminal-male-270&backgroundColor=f0f0f0&size=256
CR20240272,Lauren Morales,65,Female,Armed Robbery,New York NY,Under Investigation,"Female in late-60s with black hair, amber eyes, athletic build, approximately 5'5"" tall. Broken nose.",0.76,2024-04-05,2025-11-15,https://api.dicebear.com/7.x/lorelei/svg?seed=criminal-female-271&backgroundColor=f0f0f0&size=256
CR20240273,Nathan Ramirez,61,Male,Grand Theft Auto,Raleigh NC,Under Investigation,"Male in late-60s with brown hair, blue eyes, lean build, approximately 5'8"" tall. Often seen wearing hood.",0.82,2023-12-03,2025-11-14,https://api.dicebear.com/7.x/bottts/svg?seed=criminal-male-272&backgroundColor=f0f0f0&size=256
CR20240274,Evelyn Cook,31,Female,Assault,Raleigh NC,Wanted,"Female in mid-30s with dark brown hair, hazel eyes, lean build, approximately 5'5"" tall. Facial tattoo.",0.81,2024-02-19,2025-11-23,https://api.dicebear.com/7.x/micah/svg?seed=criminal-female-273&backgroundColor=f0f0f0&size=256
CR20240275,Jordan Diaz,32,Male,Theft,San Jose CA,Under Investigation,"Male in mid-30s with light brown hair, amber eyes, heavy build, approximately 5'11"" tall. Pierced nose. Often seen wearing bandana.",0.75,2024-01-18,2025-11-11,https://api.dicebear.com/7.x/adventurer/svg?seed=criminal-male-274&backgroundColor=f0f0f0&size=256
CR20240276,Sara Gutierrez,40,Female,Money Laundering,Nashville TN,Under Investigation,"Female in late-40s with white hair, gray eyes, lean build, approximately 5'7"" tall. High cheekbones.",0.82,2025-07-25,2025-11-23,https://api.dicebear.com/7.x/avataaars/svg?seed=criminal-female-275&backgroundColor=f0f0f0&size=256
CR20240277,Logan Jones,26,Male,Sexual Assault,Philadelphia PA,Wanted,"Male in early-20s with white hair, amber eyes, lean build, approximately 6'0"" tall. Scar on left cheek.",0.8,2025-06-05,2025-10-27,https://api.dicebear.com/7.x/notionists/svg?seed=criminal-male-276&backgroundColor=f0f0f0&size=256
CR20240278,Irene Scott,37,Female,Theft,Fresno CA,Wanted,"Female in mid-30s with gray hair, hazel eyes, slim build, approximately 5'6"" tall. Thin lips.",0.78,2025-05-19,2025-11-02,https://api.dicebear.com/7.x/notionists/svg?seed=criminal-female-277&backgroundColor=f0f0f0&size=256
CR20240279,Terry Scott,29,Male,Theft,Las Vegas NV,Under Investigation,"Male in early-20s with salt and pepper hair, brown eyes, lean build, approximately 6'2"" tall.",0.83,2025-01-26,2025-11-11,https://api.dicebear.com/7.x/lorelei/svg?seed=criminal-male-278&backgroundColor=f0f0f0&size=256
CR20240280,Evelyn Perez,51,Female,Burglary,Kansas City MO,Wanted,"Female in late-50s with light brown hair, blue eyes, slim build, approximately 5'4"" tall. Facial tattoo.",0.78,2024-07-11,2025-11-12,https://api.dicebear.com/7.x/micah/svg?seed=criminal-female-279&backgroundColor=f0f0f0&size=256
CR20240281,Benjamin Miller,42,Male,Breaking and Entering,Fort Worth TX,Wanted,"Male in late-40s with white hair, brown eyes, medium build, approximately 5'11"" tall. Full lips. Often seen wearing beanie.",0.79,2024-08-27,2025-11-02,https://api.dicebear.com/7.x/lorelei/svg?seed=criminal-male-280&backgroundColor=f0f0f0&size=256
CR20240282,Martha Thompson,36,Female,Extortion,Chicago IL,Under Investigation,"Female in mid-30s with white hair, blue eyes, medium build, approximately 5'4"" tall. Often seen wearing sunglasses.",0.81,2023-12-24,2025-10-30,https://api.dicebear.com/7.x/avataaars/svg?seed=criminal-female-281&backgroundColor=f0f0f0&size=256
CR20240283,Raymond Lopez,40,Male,Trespassing,Colorado Springs CO,Under Investigation,"Male in late-40s with red hair, brown eyes, medium build, approximately 6'2"" tall. Dimples. Often seen wearing beanie.",0.83,2024-07-27,2025-10-31,https://api.dicebear.com/7.x/avataaars/svg?seed=criminal-male-282&backgroundColor=f0f0f0&size=256
CR20240284,Janet Anderson,33,Female,Identity Theft,Fort Worth TX,Wanted,"Female in mid-30s with blonde hair, brown eyes, athletic build, approximately 5'8"" tall. Full lips. Often seen wearing baseball cap.",0.78,2024-04-18,2025-11-15,https://api.dicebear.com/7.x/avataaars/svg?seed=criminal-female-283&backgroundColor=f0f0f0&size=256
CR20240285,Ethan Morales,18,Male,Cybercrime,El Paso TX,Wanted,"Male in early-10s with gray hair, blue eyes, medium build, approximately 5'9"" tall. Often seen wearing sunglasses.",0.79,2025-01-11,2025-11-22,https://api.dicebear.com/7.x/avataaars/svg?seed=criminal-male-284&backgroundColor=f0f0f0&size=256
CR20240286,Abigail Ramirez,62,Female,Sexual Assault,El Paso TX,Wanted,"Female in late-60s with black hair, blue eyes, heavy build, approximately 5'2"" tall. Prominent jaw.",0.77,2024-09-25,2025-11-06,https://api.dicebear.com/7.x/bottts/svg?seed=criminal-female-285&backgroundColor=f0f0f0&size=256
CR20240287,Stephen Peterson,28,Male,Manslaughter,Milwaukee WI,Wanted,"Male in early-20s with red hair, amber eyes, athletic build, approximately 6'1"" tall. Often seen wearing hood.",0.82,2024-01-20,2025-10-27,https://api.dicebear.com/7.x/bottts/svg?seed=criminal-male-286&backgroundColor=f0f0f0&size=256
CR20240288,Emma Sanders,33,Female,Trespassing,Seattle WA,Wanted,"Female in mid-30s with white hair, blue eyes, stocky build, approximately 5'6"" tall. Scar on right eyebrow.",0.8,2024-11-15,2025-11-23,https://api.dicebear.com/7.x/avataaars/svg?seed=criminal-female-287&backgroundColor=f0f0f0&size=256
CR20240289,Richard King,33,Male,Sexual Assault,Indianapolis IN,Under Investigation,"Male in mid-30s with brown hair, blue eyes, heavy build, approximately 6'0"" tall. Facial tattoo.",0.76,2025-04-26,2025-11-17,https://api.dicebear.com/7.x/avataaars/svg?seed=criminal-male-288&backgroundColor=f0f0f0&size=256
CR20240290,Sharon Bailey,64,Female,Drug Trafficking,Milwaukee WI,Wanted,"Female in late-60s with white hair, gray eyes, slim build, approximately 5'6"" tall. Mole on chin. Often seen wearing hood.",0.79,2025-08-28,2025-10-27,https://api.dicebear.com/7.x/micah/svg?seed=criminal-female-289&backgroundColor=f0f0f0&size=256
CR20240291,Michael Anderson,47,Male,Identity Theft,Atlanta GA,Under Investigation,"Male in late-40s with gray hair, brown eyes, muscular build, approximately 6'3"" tall. Often seen wearing beanie.",0.73,2025-02-18,2025-11-20,https://api.dicebear.com/7.x/avataaars/svg?seed=criminal-male-290&backgroundColor=f0f0f0&size=256
CR20240292,Rachel Ward,40,Female,Armed Robbery,Jacksonville FL,Under Investigation,"Female in late-40s with black hair, amber eyes, muscular build, approximately 5'4"" tall.",0.73,2025-07-14,2025-10-29,https://api.dicebear.com/7.x/lorelei/svg?seed=criminal-female-291&backgroundColor=f0f0f0&size=256
CR20240293,Bryan Anderson,20,Male,Manslaughter,Denver CO,Wanted,"Male in early-20s with red hair, hazel eyes, muscular build, approximately 6'2"" tall. Full lips.",0.74,2025-06-11,2025-11-22,https://api.dicebear.com/7.x/bottts/svg?seed=criminal-male-292&backgroundColor=f0f0f0&size=256
CR20240294,Deborah Price,33,Female,Harassment,El Paso TX,Wanted,"Female in mid-30s with black hair, green eyes, muscular build, approximately 5'6"" tall. Deep-set eyes.",0.76,2025-01-25,2025-11-16,https://api.dicebear.com/7.x/notionists/svg?seed=criminal-female-293&backgroundColor=f0f0f0&size=256
CR20240295,Peter Hill,33,Male,Grand Theft Auto,Colorado Springs CO,Wanted,"Male in mid-30s with salt and pepper hair, blue eyes, medium build, approximately 5'8"" tall. Receding hairline. Often seen wearing glasses.",0.81,2024-04-08,2025-10-31,https://api.dicebear.com/7.x/avataaars/svg?seed=criminal-male-294&backgroundColor=f0f0f0&size=256
CR20240296,Pamela Cooper,25,Female,Drug Trafficking,New York NY,Wanted,"Female in early-20s with dark brown hair, brown eyes, lean build, approximately 5'2"" tall. Broken nose.",0.8,2025-06-17,2025-11-04,https://api.dicebear.com/7.x/micah/svg?seed=criminal-female-295&backgroundColor=f0f0f0&size=256
CR20240297,Keith Alvarez,23,Male,Breaking and Entering,Houston TX,Under Investigation,"Male in early-20s with red hair, brown eyes, heavy build, approximately 6'0"" tall.",0.77,2025-09-28,2025-11-21,https://api.dicebear.com/7.x/adventurer/svg?seed=criminal-male-296&backgroundColor=f0f0f0&size=256
CR20240298,Megan Gutierrez,26,Female,Assault,San Diego CA,Under Investigation,"Female in early-20s with red hair, amber eyes, slim build, approximately 5'3"" tall. Often seen wearing baseball cap.",0.79,2025-10-03,2025-11-23,https://api.dicebear.com/7.x/bottts/svg?seed=criminal-female-297&backgroundColor=f0f0f0&size=256
CR20240299,Benjamin Sanchez,25,Male,Domestic Violence,Baltimore MD,Under Investigation,"Male in early-20s with black hair, blue eyes, heavy build, approximately 6'3"" tall. Deep-set eyes.",0.81,2025-02-27,2025-11-07,https://api.dicebear.com/7.x/avataaars/svg?seed=criminal-male-298&backgroundColor=f0f0f0&size=256
CR20240300,Martha Sanders,24,Female,Burglary,Kansas City MO,Wanted,"Female in early-20s with red hair, blue eyes, muscular build, approximately 5'8"" tall. Pierced ears. Often seen wearing beanie.",0.81,2024-06-29,2025-11-07,https://api.dicebear.com/7.x/micah/svg?seed=criminal-female-299&backgroundColor=f0f0f0&size=256
CR20240301,Timothy Anderson,38,Male,Grand Theft Auto,Colorado Springs CO,Wanted,"Male in mid-30s with brown hair, blue eyes, muscular build, approximately 6'2"" tall. Often seen wearing baseball cap.",0.73,2025-07-31,2025-10-31,https://api.dicebear.com/7.x/avataaars/svg?seed=criminal-male-300&backgroundColor=f0f0f0&size=256
CR20240302,Ann Williams,27,Female,Grand Theft Auto,Tulsa OK,Under Investigation,"Female in early-20s with white hair, brown eyes, lean build, approximately 5'6"" tall. Facial tattoo.",0.77,2025-04-01,2025-11-09,https://api.dicebear.com/7.x/avataaars/svg?seed=criminal-female-301&backgroundColor=f0f0f0&size=256
CR20240303,Austin Long,22,Male,Domestic Violence,San Antonio TX,Wanted,"Male in early-20s with light brown hair, blue eyes, lean build, approximately 5'11"" tall.",0.79,2025-02-05,2025-11-12,https://api.dicebear.com/7.x/bottts/svg?seed=criminal-male-302&backgroundColor=f0f0f0&size=256
CR20240304,Brenda Hernandez,52,Female,Drug Trafficking,Atlanta GA,Under Investigation,"Female in late-50s with light brown hair, gray eyes, medium build, approximately 5'9"" tall. Neck tattoo.",0.72,2024-08-05,2025-11-16,https://api.dicebear.com/7.x/notionists/svg?seed=criminal-female-303&backgroundColor=f0f0f0&size=256
CR20240305,Ronald Castillo,41,Male,Breaking and Entering,Mesa AZ,Wanted,"Male in late-40s with dark brown hair, gray eyes, athletic build, approximately 6'1"" tall.",0.74,2024-04-09,2025-10-31,https://api.dicebear.com/7.x/notionists/svg?seed=criminal-male-304&backgroundColor=f0f0f0&size=256
CR20240306,Marilyn Moore,31,Female,Extortion,Louisville KY,Under Investigation,"Female in mid-30s with brown hair, gray eyes, slim build, approximately 5'5"" tall. Deep-set eyes. Often seen wearing hood.",0.73,2025-10-04,2025-11-09,https://api.dicebear.com/7.x/lorelei/svg?seed=criminal-female-305&backgroundColor=f0f0f0&size=256
CR20240307,Marcus Martinez,21,Male,Arson,Charlotte NC,Under Investigation,"Male in early-20s with light brown hair, amber eyes, heavy build, approximately 5'8"" tall.",0.78,2024-09-10,2025-11-07,https://api.dicebear.com/7.x/adventurer/svg?seed=criminal-male-306&backgroundColor=f0f0f0&size=256
CR20240308,Janet Perez,44,Female,Stalking,Memphis TN,Under Investigation,"Female in late-40s with white hair, hazel eyes, muscular build, approximately 5'9"" tall. Broken nose. Often seen wearing bandana.",0.72,2024-06-22,2025-11-15,https://api.dicebear.com/7.x/notionists/svg?seed=criminal-female-307&backgroundColor=f0f0f0&size=256
CR20240309,Samuel Bennett,34,Male,Identity Theft,Tucson AZ,Wanted,"Male in mid-30s with blonde hair, hazel eyes, heavy build, approximately 6'2"" tall.",0.74,2024-08-08,2025-11-21,https://api.dicebear.com/7.x/lorelei/svg?seed=criminal-male-308&backgroundColor=f0f0f0&size=256
CR20240310,Denise Cruz,32,Female,Manslaughter,Tulsa OK,Wanted,"Female in mid-30s with black hair, hazel eyes, stocky build, approximately 5'7"" tall. Prominent forehead.",0.73,2025-04-25,2025-11-13,https://api.dicebear.com/7.x/lorelei/svg?seed=criminal-female-309&backgroundColor=f0f0f0&size=256
CR20240311,Brian White,65,Male,Manslaughter,Albuquerque NM,Under Investigation,"Male in late-60s with white hair, brown eyes, medium build, approximately 5'8"" tall. Pierced ears.",0.72,2025-04-24,2025-11-08,https://api.dicebear.com/7.x/notionists/svg?seed=criminal-male-310&backgroundColor=f0f0f0&size=256
CR20240312,Julie Rogers,55,Female,Cybercrime,Washington DC,Wanted,"Female in late-50s with gray hair, brown eyes, stocky build, approximately 5'3"" tall. Prominent jaw.",0.78,2025-10-14,2025-11-02,https://api.dicebear.com/7.x/lorelei/svg?seed=criminal-female-311&backgroundColor=f0f0f0&size=256
CR20240313,George Foster,26,Male,Battery,Boston MA,Wanted,"Male in early-20s with light brown hair, gray eyes, athletic build, approximately 5'11"" tall. Often seen wearing bandana.",0.71,2024-04-13,2025-11-03,https://api.dicebear.com/7.x/avataaars/svg?seed=criminal-male-312&backgroundColor=f0f0f0&size=256
CR20240314,Janet Gomez,28,Female,Theft,Oklahoma City OK,Wanted,"Female in early-20s with black hair, gray eyes, medium build, approximately 5'9"" tall. Pierced ears. Often seen wearing glasses.",0.75,2025-06-23,2025-11-18,https://api.dicebear.com/7.x/avataaars/svg?seed=criminal-female-313&backgroundColor=f0f0f0&size=256
CR20240315,Sean Jones,46,Male,Drug Trafficking,New Orleans LA,Wanted,"Male in late-40s with light brown hair, hazel eyes, medium build, approximately 5'10"" tall. Often seen wearing glasses.",0.8,2024-08-09,2025-11-04,https://api.dicebear.com/7.x/lorelei/svg?seed=criminal-male-314&backgroundColor=f0f0f0&size=256
CR20240316,Carolyn Hall,21,Female,Identity Theft,Minneapolis MN,Under Investigation,"Female in early-20s with light brown hair, amber eyes, stocky build, approximately 5'7"" tall. Pierced ears.",0.73,2024-03-08,2025-11-07,https://api.dicebear.com/7.x/micah/svg?seed=criminal-female-315&backgroundColor=f0f0f0&size=256
CR20240317,Albert Perez,61,Male,Extortion,Chicago IL,Under Investigation,"Male in late-60s with black hair, green eyes, stocky build, approximately 5'9"" tall. High cheekbones.",0.78,2025-03-31,2025-11-05,https://api.dicebear.com/7.x/adventurer/svg?seed=criminal-male-316&backgroundColor=f0f0f0&size=256
CR20240318,Susan Smith,22,Female,Arson,Kansas City MO,Wanted,"Female in early-20s with salt and pepper hair, blue eyes, stocky build, approximately 5'8"" tall. Crooked smile. Often seen wearing hood.",0.8,2025-07-19,2025-11-23,https://api.dicebear.com/7.x/adventurer/svg?seed=criminal-female-317&backgroundColor=f0f0f0&size=256
CR20240319,Justin Martin,65,Male,Theft,Portland OR,Wanted,"Male in late-60s with black hair, blue eyes, heavy build, approximately 6'1"" tall. Facial tattoo. Often seen wearing sunglasses.",0.72,2024-03-08,2025-10-28,https://api.dicebear.com/7.x/adventurer/svg?seed=criminal-male-318&backgroundColor=f0f0f0&size=256
CR20240320,Laura Miller,57,Female,Vandalism,Seattle WA,Under Investigation,"Female in late-50s with white hair, green eyes, medium build, approximately 5'4"" tall. Thick eyebrows. Often seen wearing beanie.",0.77,2025-03-12,2025-11-23,https://api.dicebear.com/7.x/micah/svg?seed=criminal-female-319&backgroundColor=f0f0f0&size=256
CR20240321,Sean Phillips,42,Male,Theft,Minneapolis MN,Under Investigation,"Male in late-40s with white hair, hazel eyes, slim build, approximately 6'3"" tall. Facial tattoo.",0.79,2024-01-19,2025-11-10,https://api.dicebear.com/7.x/lorelei/svg?seed=criminal-male-320&backgroundColor=f0f0f0&size=256
CR20240322,Pamela Flores,60,Female,Extortion,Memphis TN,Wanted,"Female in late-60s with black hair, brown eyes, slim build, approximately 5'5"" tall. Pierced nose.",0.79,2023-12-24,2025-11-06,https://api.dicebear.com/7.x/micah/svg?seed=criminal-female-321&backgroundColor=f0f0f0&size=256
CR20240323,Gary Turner,18,Male,Murder,Indianapolis IN,Wanted,"Male in early-10s with white hair, amber eyes, athletic build, approximately 5'11"" tall. Often seen wearing bandana.",0.72,2024-01-23,2025-11-25,https://api.dicebear.com/7.x/avataaars/svg?seed=criminal-male-322&backgroundColor=f0f0f0&size=256
CR20240324,Linda Rogers,27,Female,Burglary,Jacksonville FL,Wanted,"Female in early-20s with brown hair, brown eyes, heavy build, approximately 5'9"" tall. Prominent jaw.",0.72,2024-09-14,2025-11-09,https://api.dicebear.com/7.x/lorelei/svg?seed=criminal-female-323&backgroundColor=f0f0f0&size=256
CR20240325,Douglas Hughes,18,Male,Assault,Oakland CA,Under Investigation,"Male in early-10s with salt and pepper hair, brown eyes, medium build, approximately 5'11"" tall. Deep-set eyes. Often seen wearing sunglasses.",0.76,2024-11-23,2025-11-04,https://api.dicebear.com/7.x/lorelei/svg?seed=criminal-male-324&backgroundColor=f0f0f0&size=256
CR20240326,Mary Wilson,42,Female,Breaking and Entering,San Diego CA,Wanted,"Female in late-40s with brown hair, green eyes, slim build, approximately 5'4"" tall. Neck tattoo.",0.73,2024-12-06,2025-11-14,https://api.dicebear.com/7.x/micah/svg?seed=criminal-female-325&backgroundColor=f0f0f0&size=256
CR20240327,Peter Campbell,58,Male,Breaking and Entering,Seattle WA,Wanted,"Male in late-50s with blonde hair, amber eyes, heavy build, approximately 5'11"" tall. Receding hairline. Often seen wearing bandana.",0.79,2023-12-16,2025-11-06,https://api.dicebear.com/7.x/bottts/svg?seed=criminal-male-326&backgroundColor=f0f0f0&size=256
CR20240328,Kathryn Mitchell,18,Female,Vandalism,San Jose CA,Wanted,"Female in early-10s with blonde hair, green eyes, athletic build, approximately 5'2"" tall. Thin lips.",0.71,2025-05-05,2025-11-05,https://api.dicebear.com/7.x/lorelei/svg?seed=criminal-female-327&backgroundColor=f0f0f0&size=256
CR20240329,Dennis Stewart,45,Male,Embezzlement,New Orleans LA,Wanted,"Male in late-40s with light brown hair, amber eyes, medium build, approximately 6'0"" tall.",0.75,2025-02-23,2025-11-16,https://api.dicebear.com/7.x/lorelei/svg?seed=criminal-male-328&backgroundColor=f0f0f0&size=256
CR20240330,Margaret Wright,38,Female,Burglary,Miami FL,Wanted,"Female in mid-30s with blonde hair, green eyes, muscular build, approximately 5'2"" tall.",0.74,2025-03-02,2025-11-04,https://api.dicebear.com/7.x/notionists/svg?seed=criminal-female-329&backgroundColor=f0f0f0&size=256
CR20240331,Charles Flores,41,Male,Vandalism,New Orleans LA,Wanted,"Male in late-40s with blonde hair, brown eyes, muscular build, approximately 5'9"" tall. Pierced ears.",0.73,2023-12-30,2025-11-11,https://api.dicebear.com/7.x/notionists/svg?seed=criminal-male-330&backgroundColor=f0f0f0&size=256
CR20240332,Lisa Williams,52,Female,Armed Robbery,Mesa AZ,Wanted,"Female in late-50s with blonde hair, blue eyes, medium build, approximately 5'9"" tall. Pierced ears.",0.74,2025-05-30,2025-10-27,https://api.dicebear.com/7.x/bottts/svg?seed=criminal-female-331&backgroundColor=f0f0f0&size=256
CR20240333,Alexander Sanchez,18,Male,Armed Robbery,Fort Worth TX,Under Investigation,"Male in early-10s with salt and pepper hair, brown eyes, stocky build, approximately 6'0"" tall. Pierced ears.",0.72,2024-08-13,2025-11-24,https://api.dicebear.com/7.x/adventurer/svg?seed=criminal-male-332&backgroundColor=f0f0f0&size=256
CR20240334,Dorothy Campbell,26,Female,Trespassing,Chicago IL,Under Investigation,"Female in early-20s with salt and pepper hair, brown eyes, medium build, approximately 5'9"" tall. Mole on chin. Often seen wearing glasses.",0.74,2025-08-08,2025-11-23,https://api.dicebear.com/7.x/lorelei/svg?seed=criminal-female-333&backgroundColor=f0f0f0&size=256
CR20240335,Vincent Taylor,55,Male,Arson,Seattle WA,Wanted,"Male in late-50s with red hair, blue eyes, heavy build, approximately 6'3"" tall.",0.76,2025-06-11,2025-11-17,https://api.dicebear.com/7.x/notionists/svg?seed=criminal-male-334&backgroundColor=f0f0f0&size=256
CR20240336,Melissa Williams,52,Female,Breaking and Entering,Colorado Springs CO,Wanted,"Female in late-50s with blonde hair, blue eyes, medium build, approximately 5'6"" tall. Thin lips.",0.76,2025-05-07,2025-10-29,https://api.dicebear.com/7.x/adventurer/svg?seed=criminal-female-335&backgroundColor=f0f0f0&size=256
CR20240337,Mason Edwards,38,Male,Murder,Mesa AZ,Wanted,"Male in mid-30s with gray hair, hazel eyes, medium build, approximately 6'3"" tall.",0.78,2025-03-31,2025-11-01,https://api.dicebear.com/7.x/micah/svg?seed=criminal-male-336&backgroundColor=f0f0f0&size=256
CR20240338,Susan Robinson,18,Female,Arson,Virginia Beach VA,Wanted,"Female in early-10s with red hair, amber eyes, muscular build, approximately 5'3"" tall. Pierced ears.",0.7,2024-02-14,2025-10-27,https://api.dicebear.com/7.x/adventurer/svg?seed=criminal-female-337&backgroundColor=f0f0f0&size=256
CR20240339,Gary Thomas,57,Male,Identity Theft,Philadelphia PA,Wanted,"Male in late-50s with salt and pepper hair, brown eyes, medium build, approximately 5'10"" tall. Thin lips.",0.76,2024-04-08,2025-11-11,https://api.dicebear.com/7.x/micah/svg?seed=criminal-male-338&backgroundColor=f0f0f0&size=256
CR20240340,Marie Adams,40,Female,Murder,Miami FL,Under Investigation,"Female in late-40s with brown hair, brown eyes, stocky build, approximately 5'4"" tall. Pierced nose.",0.79,2024-06-21,2025-11-16,https://api.dicebear.com/7.x/micah/svg?seed=criminal-female-339&backgroundColor=f0f0f0&size=256
CR20240341,Gerald Gray,64,Male,Embezzlement,Baltimore MD,Wanted,"Male in late-60s with light brown hair, green eyes, muscular build, approximately 5'8"" tall. Pierced ears.",0.7,2025-01-13,2025-11-02,https://api.dicebear.com/7.x/micah/svg?seed=criminal-male-340&backgroundColor=f0f0f0&size=256
CR20240342,Ann Young,45,Female,Kidnapping,Minneapolis MN,Under Investigation,"Female in late-40s with dark brown hair, gray eyes, athletic build, approximately 5'2"" tall. Thin lips. Often seen wearing glasses.",0.77,2024-09-16,2025-11-09,https://api.dicebear.com/7.x/bottts/svg?seed=criminal-female-341&backgroundColor=f0f0f0&size=256
CR20240343,Vincent Scott,25,Male,Harassment,Portland OR,Under Investigation,"Male in early-20s with gray hair, gray eyes, stocky build, approximately 5'10"" tall. Thin lips.",0.75,2024-07-11,2025-11-10,https://api.dicebear.com/7.x/adventurer/svg?seed=criminal-male-342&backgroundColor=f0f0f0&size=256
CR20240344,Betty Roberts,33,Female,Sexual Assault,New Orleans LA,Under Investigation,"Female in mid-30s with blonde hair, blue eyes, muscular build, approximately 5'6"" tall. Deep-set eyes.",0.7,2025-09-04,2025-11-01,https://api.dicebear.com/7.x/avataaars/svg?seed=criminal-female-343&backgroundColor=f0f0f0&size=256
CR20240345,Jeffrey Turner,65,Male,Armed Robbery,Virginia Beach VA,Wanted,"Male in late-60s with black hair, green eyes, heavy build, approximately 6'0"" tall. Pierced ears.",0.73,2024-10-11,2025-11-18,https://api.dicebear.com/7.x/bottts/svg?seed=criminal-male-344&backgroundColor=f0f0f0&size=256
CR20240346,Mary Rogers,64,Female,Sexual Assault,Phoenix AZ,Under Investigation,"Female in late-60s with white hair, gray eyes, athletic build, approximately 5'4"" tall. Thin lips. Often seen wearing beanie.",0.69,2025-08-05,2025-11-16,https://api.dicebear.com/7.x/micah/svg?seed=criminal-female-345&backgroundColor=f0f0f0&size=256
CR20240347,Carl Nguyen,43,Male,Vandalism,Louisville KY,Under Investigation,"Male in late-40s with salt and pepper hair, amber eyes, stocky build, approximately 6'3"" tall. Dimples. Often seen wearing sunglasses.",0.78,2024-09-12,2025-10-30,https://api.dicebear.com/7.x/bottts/svg?seed=criminal-male-346&backgroundColor=f0f0f0&size=256
CR20240348,Sandra Green,46,Female,Battery,San Diego CA,Wanted,"Female in late-40s with red hair, amber eyes, slim build, approximately 5'7"" tall. Thin lips.",0.77,2024-09-16,2025-10-29,https://api.dicebear.com/7.x/bottts/svg?seed=criminal-female-347&backgroundColor=f0f0f0&size=256
CR20240349,Edward Baker,39,Male,Trespassing,Nashville TN,Wanted,"Male in mid-30s with brown hair, gray eyes, lean build, approximately 5'10"" tall. Broken nose.",0.73,2024-10-17,2025-11-09,https://api.dicebear.com/7.x/notionists/svg?seed=criminal-male-348&backgroundColor=f0f0f0&size=256
CR20240350,Jane Davis,32,Female,Armed Robbery,Albuquerque NM,Under Investigation,"Female in mid-30s with red hair, blue eyes, athletic build, approximately 5'9"" tall.",0.72,2024-11-30,2025-11-23,https://api.dicebear.com/7.x/bottts/svg?seed=criminal-female-349&backgroundColor=f0f0f0&size=256
CR20240351,Roy Flores,56,Male,Kidnapping,Memphis TN,Wanted,"Male in late-50s with dark brown hair, amber eyes, athletic build, approximately 6'3"" tall. Scar on right eyebrow. Often seen wearing hood.",0.73,2025-05-28,2025-11-03,https://api.dicebear.com/7.x/avataaars/svg?seed=criminal-male-350&backgroundColor=f0f0f0&size=256
CR20240352,Helen Gomez,62,Female,Theft,Minneapolis MN,Wanted,"Female in late-60s with blonde hair, amber eyes, heavy build, approximately 5'3"" tall. Wide-set eyes. Often seen wearing glasses.",0.71,2024-08-20,2025-11-11,https://api.dicebear.com/7.x/adventurer/svg?seed=criminal-female-351&backgroundColor=f0f0f0&size=256
CR20240353,Mark Flores,23,Male,Assault,Seattle WA,Wanted,"Male in early-20s with brown hair, hazel eyes, muscular build, approximately 6'3"" tall. Missing tooth. Often seen wearing hood.",0.69,2025-09-20,2025-11-24,https://api.dicebear.com/7.x/adventurer/svg?seed=criminal-male-352&backgroundColor=f0f0f0&size=256
CR20240354,Sandra Young,26,Female,Extortion,Dallas TX,Wanted,"Female in early-20s with salt and pepper hair, amber eyes, slim build, approximately 5'6"" tall. Pierced nose. Often seen wearing sunglasses.",0.73,2024-04-08,2025-11-14,https://api.dicebear.com/7.x/notionists/svg?seed=criminal-female-353&backgroundColor=f0f0f0&size=256
CR20240355,Andrew Long,61,Male,Burglary,Chicago IL,Under Investigation,"Male in late-60s with brown hair, green eyes, stocky build, approximately 6'3"" tall. Full lips. Often seen wearing hood.",0.73,2024-02-22,2025-11-13,https://api.dicebear.com/7.x/adventurer/svg?seed=criminal-male-354&backgroundColor=f0f0f0&size=256
CR20240356,Isabella Murphy,43,Female,Battery,Colorado Springs CO,Wanted,"Female in late-40s with light brown hair, blue eyes, athletic build, approximately 5'5"" tall. Mole on chin.",0.71,2025-01-03,2025-11-05,https://api.dicebear.com/7.x/lorelei/svg?seed=criminal-female-355&backgroundColor=f0f0f0&size=256
CR20240357,Justin Bennett,30,Male,Kidnapping,San Francisco CA,Under Investigation,"Male in mid-30s with blonde hair, amber eyes, muscular build, approximately 5'10"" tall.",0.76,2024-02-01,2025-11-19,https://api.dicebear.com/7.x/notionists/svg?seed=criminal-male-356&backgroundColor=f0f0f0&size=256
CR20240358,Frances Gutierrez,26,Female,Embezzlement,Charlotte NC,Wanted,"Female in early-20s with black hair, hazel eyes, muscular build, approximately 5'2"" tall. Often seen wearing beanie.",0.73,2024-05-18,2025-11-04,https://api.dicebear.com/7.x/lorelei/svg?seed=criminal-female-357&backgroundColor=f0f0f0&size=256
CR20240359,Roy King,57,Male,Assault,Atlanta GA,Under Investigation,"Male in late-50s with gray hair, amber eyes, slim build, approximately 5'10"" tall.",0.69,2025-08-10,2025-10-30,https://api.dicebear.com/7.x/avataaars/svg?seed=criminal-male-358&backgroundColor=f0f0f0&size=256
CR20240360,Amy Alvarez,28,Female,Money Laundering,Denver CO,Under Investigation,"Female in early-20s with red hair, hazel eyes, medium build, approximately 5'2"" tall.",0.7,2025-09-01,2025-11-13,https://api.dicebear.com/7.x/lorelei/svg?seed=criminal-female-359&backgroundColor=f0f0f0&size=256
CR20240361,Jesse Long,59,Male,Murder,Long Beach CA,Under Investigation,"Male in late-50s with red hair, hazel eyes, heavy build, approximately 5'10"" tall. Missing tooth.",0.74,2025-04-08,2025-10-28,https://api.dicebear.com/7.x/lorelei/svg?seed=criminal-male-360&backgroundColor=f0f0f0&size=256
CR20240362,Lisa Jones,29,Female,Armed Robbery,Houston TX,Wanted,"Female in early-20s with red hair, hazel eyes, lean build, approximately 5'9"" tall. Mole on chin.",0.78,2024-06-18,2025-10-27,https://api.dicebear.com/7.x/adventurer/svg?seed=criminal-female-361&backgroundColor=f0f0f0&size=256
CR20240363,Justin Robinson,35,Male,Murder,Arlington TX,Under Investigation,"Male in mid-30s with brown hair, blue eyes, heavy build, approximately 6'0"" tall. Neck tattoo.",0.71,2025-02-28,2025-11-12,https://api.dicebear.com/7.x/micah/svg?seed=criminal-male-362&backgroundColor=f0f0f0&size=256
CR20240364,Rose Parker,45,Female,Drug Possession,Chicago IL,Wanted,"Female in late-40s with blonde hair, amber eyes, muscular build, approximately 5'8"" tall. Often seen wearing bandana.",0.72,2025-08-04,2025-11-08,https://api.dicebear.com/7.x/avataaars/svg?seed=criminal-female-363&backgroundColor=f0f0f0&size=256
CR20240365,Logan Bennett,41,Male,Burglary,New York NY,Under Investigation,"Male in late-40s with black hair, hazel eyes, athletic build, approximately 6'3"" tall.",0.73,2024-08-13,2025-11-06,https://api.dicebear.com/7.x/lorelei/svg?seed=criminal-male-364&backgroundColor=f0f0f0&size=256
CR20240366,Pamela Allen,40,Female,Extortion,San Francisco CA,Under Investigation,"Female in late-40s with light brown hair, brown eyes, athletic build, approximately 5'9"" tall.",0.76,2024-03-31,2025-11-20,https://api.dicebear.com/7.x/avataaars/svg?seed=criminal-female-365&backgroundColor=f0f0f0&size=256
CR20240367,Robert Cook,25,Male,Vandalism,Las Vegas NV,Wanted,"Male in early-20s with brown hair, amber eyes, medium build, approximately 6'1"" tall. Mole on chin.",0.69,2025-02-04,2025-11-20,https://api.dicebear.com/7.x/notionists/svg?seed=criminal-male-366&backgroundColor=f0f0f0&size=256
CR20240368,Kimberly Howard,30,Female,Drug Trafficking,Portland OR,Wanted,"Female in mid-30s with brown hair, blue eyes, slim build, approximately 5'2"" tall. Thin lips.",0.68,2025-02-09,2025-11-04,https://api.dicebear.com/7.x/lorelei/svg?seed=criminal-female-367&backgroundColor=f0f0f0&size=256
CR20240369,Vincent Rogers,50,Male,Fraud,San Jose CA,Wanted,"Male in late-50s with white hair, brown eyes, lean build, approximately 6'1"" tall. Crooked smile.",0.68,2025-01-18,2025-11-16,https://api.dicebear.com/7.x/avataaars/svg?seed=criminal-male-368&backgroundColor=f0f0f0&size=256
CR20240370,Gloria Kim,28,Female,Identity Theft,Virginia Beach VA,Under Investigation,"Female in early-20s with salt and pepper hair, brown eyes, heavy build, approximately 5'2"" tall. Often seen wearing beanie.",0.75,2025-05-06,2025-11-12,https://api.dicebear.com/7.x/bottts/svg?seed=criminal-female-369&backgroundColor=f0f0f0&size=256
CR20240371,Jason Roberts,32,Male,Armed Robbery,Oklahoma City OK,Under Investigation,"Male in mid-30s with gray hair, brown eyes, medium build, approximately 6'2"" tall. Prominent forehead. Often seen wearing glasses.",0.68,2023-12-06,2025-11-17,https://api.dicebear.com/7.x/adventurer/svg?seed=criminal-male-370&backgroundColor=f0f0f0&size=256
CR20240372,Julie Green,37,Female,Sexual Assault,San Francisco CA,Wanted,"Female in mid-30s with light brown hair, green eyes, medium build, approximately 5'8"" tall. Prominent jaw. Often seen wearing sunglasses.",0.67,2025-10-18,2025-11-05,https://api.dicebear.com/7.x/lorelei/svg?seed=criminal-female-371&backgroundColor=f0f0f0&size=256
CR20240373,Roy Cox,64,Male,Theft,Los Angeles CA,Wanted,"Male in late-60s with brown hair, blue eyes, lean build, approximately 6'2"" tall. Deep-set eyes.",0.74,2024-10-22,2025-11-19,https://api.dicebear.com/7.x/avataaars/svg?seed=criminal-male-372&backgroundColor=f0f0f0&size=256
CR20240374,Sharon Ramos,36,Female,Manslaughter,Los Angeles CA,Wanted,"Female in mid-30s with red hair, hazel eyes, stocky build, approximately 5'2"" tall. Prominent jaw. Often seen wearing hood.",0.68,2024-10-12,2025-11-22,https://api.dicebear.com/7.x/adventurer/svg?seed=criminal-female-373&backgroundColor=f0f0f0&size=256
CR20240375,Terry Reyes,27,Male,Drug Trafficking,Albuquerque NM,Under Investigation,"Male in early-20s with black hair, brown eyes, stocky build, approximately 5'10"" tall. Receding hairline.",0.69,2025-07-13,2025-11-20,https://api.dicebear.com/7.x/lorelei/svg?seed=criminal-male-374&backgroundColor=f0f0f0&size=256
CR20240376,Emma Foster,40,Female,Arson,Los Angeles CA,Wanted,"Female in late-40s with blonde hair, hazel eyes, slim build, approximately 5'2"" tall. Broken nose. Often seen wearing sunglasses.",0.73,2025-01-18,2025-11-03,https://api.dicebear.com/7.x/bottts/svg?seed=criminal-female-375&backgroundColor=f0f0f0&size=256
CR20240377,Ralph Ramos,25,Male,Sexual Assault,Louisville KY,Wanted,"Male in early-20s with blonde hair, hazel eyes, athletic build, approximately 6'2"" tall. Missing tooth.",0.7,2024-06-06,2025-11-17,https://api.dicebear.com/7.x/notionists/svg?seed=criminal-male-376&backgroundColor=f0f0f0&size=256
CR20240378,Catherine Thompson,61,Female,Arson,Minneapolis MN,Wanted,"Female in late-60s with gray hair, gray eyes, medium build, approximately 5'7"" tall. High cheekbones.",0.74,2025-08-22,2025-10-31,https://api.dicebear.com/7.x/notionists/svg?seed=criminal-female-377&backgroundColor=f0f0f0&size=256
CR20240379,Jonathan Flores,50,Male,Burglary,Fort Worth TX,Wanted,"Male in late-50s with light brown hair, brown eyes, heavy build, approximately 6'0"" tall. Often seen wearing beanie.",0.75,2024-09-03,2025-11-03,https://api.dicebear.com/7.x/avataaars/svg?seed=criminal-male-378&backgroundColor=f0f0f0&size=256
CR20240380,Karen Ortiz,24,Female,Battery,Los Angeles CA,Under Investigation,"Female in early-20s with red hair, green eyes, medium build, approximately 5'5"" tall.",0.74,2023-12-16,2025-11-13,https://api.dicebear.com/7.x/lorelei/svg?seed=criminal-female-379&backgroundColor=f0f0f0&size=256
CR20240381,Bruce Sanchez,57,Male,Drug Trafficking,Raleigh NC,Under Investigation,"Male in late-50s with salt and pepper hair, green eyes, lean build, approximately 5'9"" tall. Often seen wearing sunglasses.",0.75,2025-04-17,2025-11-21,https://api.dicebear.com/7.x/notionists/svg?seed=criminal-male-380&backgroundColor=f0f0f0&size=256
CR20240382,Sandra Diaz,23,Female,Murder,Oklahoma City OK,Under Investigation,"Female in early-20s with gray hair, blue eyes, heavy build, approximately 5'9"" tall.",0.69,2023-11-30,2025-10-28,https://api.dicebear.com/7.x/bottts/svg?seed=criminal-female-381&backgroundColor=f0f0f0&size=256
CR20240383,Paul Kelly,49,Male,Sexual Assault,Tucson AZ,Wanted,"Male in late-40s with black hair, amber eyes, athletic build, approximately 5'11"" tall. Prominent forehead. Often seen wearing hood.",0.69,2024-07-23,2025-10-31,https://api.dicebear.com/7.x/bottts/svg?seed=criminal-male-382&backgroundColor=f0f0f0&size=256
CR20240384,Jessica Reed,27,Female,Vandalism,Seattle WA,Under Investigation,"Female in early-20s with brown hair, green eyes, lean build, approximately 5'2"" tall. Facial tattoo.",0.74,2024-05-19,2025-11-21,https://api.dicebear.com/7.x/avataaars/svg?seed=criminal-female-383&backgroundColor=f0f0f0&size=256
CR20240385,Eugene Adams,58,Male,Fraud,Fort Worth TX,Wanted,"Male in late-50s with white hair, green eyes, athletic build, approximately 6'1"" tall. High cheekbones. Often seen wearing baseball cap.",0.7,2025-01-10,2025-11-17,https://api.dicebear.com/7.x/bottts/svg?seed=criminal-male-384&backgroundColor=f0f0f0&size=256
CR20240386,Megan Kelly,45,Female,Drug Trafficking,Detroit MI,Under Investigation,"Female in late-40s with blonde hair, blue eyes, lean build, approximately 5'8"" tall. Thick eyebrows.",0.73,2024-09-20,2025-11-03,https://api.dicebear.com/7.x/adventurer/svg?seed=criminal-female-385&backgroundColor=f0f0f0&size=256
CR20240387,Albert Allen,20,Male,Harassment,Minneapolis MN,Under Investigation,"Male in early-20s with dark brown hair, green eyes, lean build, approximately 5'8"" tall. Dimples.",0.73,2025-04-27,2025-11-13,https://api.dicebear.com/7.x/adventurer/svg?seed=criminal-male-386&backgroundColor=f0f0f0&size=256
CR20240388,Sharon Lopez,42,Female,Assault,Arlington TX,Under Investigation,"Female in late-40s with brown hair, brown eyes, heavy build, approximately 5'7"" tall. Deep-set eyes.",0.69,2023-11-28,2025-11-22,https://api.dicebear.com/7.x/adventurer/svg?seed=criminal-female-387&backgroundColor=f0f0f0&size=256
CR20240389,Noah Ortiz,32,Male,Grand Theft Auto,San Francisco CA,Wanted,"Male in mid-30s with gray hair, hazel eyes, lean build, approximately 6'0"" tall. Thin lips. Often seen wearing glasses.",0.75,2025-06-15,2025-11-03,https://api.dicebear.com/7.x/avataaars/svg?seed=criminal-male-388&backgroundColor=f0f0f0&size=256
CR20240390,Danielle Allen,36,Female,Extortion,Kansas City MO,Under Investigation,"Female in mid-30s with blonde hair, amber eyes, heavy build, approximately 5'4"" tall. Scar on right eyebrow. Often seen wearing bandana.",0.66,2024-10-05,2025-11-17,https://api.dicebear.com/7.x/notionists/svg?seed=criminal-female-389&backgroundColor=f0f0f0&size=256
CR20240391,William Bailey,27,Male,Breaking and Entering,Oakland CA,Wanted,"Male in early-20s with black hair, hazel eyes, muscular build, approximately 5'9"" tall. Facial tattoo. Often seen wearing bandana.",0.75,2025-05-21,2025-10-29,https://api.dicebear.com/7.x/micah/svg?seed=criminal-male-390&backgroundColor=f0f0f0&size=256
CR20240392,Kimberly Hughes,30,Female,Drug Trafficking,Indianapolis IN,Wanted,"Female in mid-30s with black hair, blue eyes, heavy build, approximately 5'5"" tall. Often seen wearing hood.",0.66,2025-06-01,2025-11-04,https://api.dicebear.com/7.x/adventurer/svg?seed=criminal-female-391&backgroundColor=f0f0f0&size=256
CR20240393,Roger Gray,29,Male,Battery,Oklahoma City OK,Wanted,"Male in early-20s with brown hair, blue eyes, lean build, approximately 5'9"" tall. Thin lips.",0.66,2025-07-26,2025-11-25,https://api.dicebear.com/7.x/bottts/svg?seed=criminal-male-392&backgroundColor=f0f0f0&size=256
CR20240394,Samantha Diaz,43,Female,Stalking,Tulsa OK,Wanted,"Female in late-40s with salt and pepper hair, hazel eyes, stocky build, approximately 5'2"" tall.",0.67,2025-04-15,2025-11-24,https://api.dicebear.com/7.x/bottts/svg?seed=criminal-female-393&backgroundColor=f0f0f0&size=256
CR20240395,Austin Harris,22,Male,Theft,San Antonio TX,Wanted,"Male in early-20s with brown hair, brown eyes, stocky build, approximately 5'11"" tall. Often seen wearing glasses.",0.73,2025-03-20,2025-11-18,https://api.dicebear.com/7.x/notionists/svg?seed=criminal-male-394&backgroundColor=f0f0f0&size=256
CR20240396,Isabella Campbell,57,Female,Breaking and Entering,Fort Worth TX,Wanted,"Female in late-50s with red hair, amber eyes, heavy build, approximately 5'4"" tall. Prominent jaw.",0.7,2025-06-16,2025-11-13,https://api.dicebear.com/7.x/adventurer/svg?seed=criminal-female-395&backgroundColor=f0f0f0&size=256
CR20240397,Samuel Rodriguez,50,Male,Drug Possession,Washington DC,Wanted,"Male in late-50s with salt and pepper hair, brown eyes, heavy build, approximately 6'0"" tall. Pierced nose. Often seen wearing baseball cap.",0.72,2025-04-04,2025-10-31,https://api.dicebear.com/7.x/lorelei/svg?seed=criminal-male-396&backgroundColor=f0f0f0&size=256
CR20240398,Ashley Rogers,18,Female,Grand Theft Auto,Atlanta GA,Wanted,"Female in early-10s with white hair, blue eyes, lean build, approximately 5'8"" tall. Missing tooth. Often seen wearing hood.",0.71,2025-08-16,2025-11-24,https://api.dicebear.com/7.x/notionists/svg?seed=criminal-female-397&backgroundColor=f0f0f0&size=256
CR20240399,Timothy Wood,21,Male,Manslaughter,Philadelphia PA,Wanted,"Male in early-20s with red hair, hazel eyes, stocky build, approximately 5'8"" tall. Broken nose.",0.67,2024-05-23,2025-11-09,https://api.dicebear.com/7.x/avataaars/svg?seed=criminal-male-398&backgroundColor=f0f0f0&size=256
CR20240400,Janice Scott,56,Female,Drug Possession,Seattle WA,Wanted,"Female in late-50s with black hair, brown eyes, medium build, approximately 5'2"" tall. Full lips.",0.71,2024-05-01,2025-11-08,https://api.dicebear.com/7.x/bottts/svg?seed=criminal-female-399&backgroundColor=f0f0f0&size=256
CR20240401,Alan Allen,57,Male,Theft,Baltimore MD,Under Investigation,"Male in late-50s with black hair, brown eyes, athletic build, approximately 5'8"" tall.",0.69,2024-04-05,2025-10-31,https://api.dicebear.com/7.x/bottts/svg?seed=criminal-male-400&backgroundColor=f0f0f0&size=256
CR20240402,Megan Ramirez,39,Female,Trespassing,Arlington TX,Wanted,"Female in mid-30s with gray hair, amber eyes, slim build, approximately 5'9"" tall. Full lips.",0.73,2025-02-26,2025-11-15,https://api.dicebear.com/7.x/bottts/svg?seed=criminal-female-401&backgroundColor=f0f0f0&size=256
CR20240403,Ronald Clark,29,Male,Battery,Washington DC,Under Investigation,"Male in early-20s with red hair, hazel eyes, lean build, approximately 5'8"" tall. Often seen wearing hood.",0.7,2024-04-24,2025-11-13,https://api.dicebear.com/7.x/lorelei/svg?seed=criminal-male-402&backgroundColor=f0f0f0&size=256
CR20240404,Debra Lopez,35,Female,Kidnapping,Denver CO,Under Investigation,"Female in mid-30s with light brown hair, gray eyes, medium build, approximately 5'7"" tall. Facial tattoo. Often seen wearing hood.",0.72,2024-08-31,2025-11-10,https://api.dicebear.com/7.x/avataaars/svg?seed=criminal-female-403&backgroundColor=f0f0f0&size=256
CR20240405,Sean Brooks,18,Male,Armed Robbery,Omaha NE,Under Investigation,"Male in early-10s with dark brown hair, amber eyes, lean build, approximately 5'10"" tall. Prominent jaw.",0.68,2025-04-27,2025-11-13,https://api.dicebear.com/7.x/micah/svg?seed=criminal-male-404&backgroundColor=f0f0f0&size=256
CR20240406,Lauren Perez,58,Female,Money Laundering,Philadelphia PA,Under Investigation,"Female in late-50s with dark brown hair, brown eyes, muscular build, approximately 5'8"" tall. Scar on right eyebrow.",0.74,2024-09-10,2025-11-09,https://api.dicebear.com/7.x/notionists/svg?seed=criminal-female-405&backgroundColor=f0f0f0&size=256
CR20240407,Peter Foster,39,Male,Embezzlement,Atlanta GA,Wanted,"Male in mid-30s with gray hair, gray eyes, muscular build, approximately 5'8"" tall. Pierced ears.",0.74,2025-10-06,2025-11-04,https://api.dicebear.com/7.x/notionists/svg?seed=criminal-male-406&backgroundColor=f0f0f0&size=256
CR20240408,Amy Foster,47,Female,Stalking,Jacksonville FL,Wanted,"Female in late-40s with light brown hair, hazel eyes, stocky build, approximately 5'8"" tall.",0.73,2024-05-14,2025-11-07,https://api.dicebear.com/7.x/bottts/svg?seed=criminal-female-407&backgroundColor=f0f0f0&size=256
CR20240409,Daniel Flores,19,Male,Arson,San Antonio TX,Under Investigation,"Male in early-10s with white hair, brown eyes, muscular build, approximately 5'10"" tall. Dimples.",0.69,2025-06-19,2025-11-03,https://api.dicebear.com/7.x/micah/svg?seed=criminal-male-408&backgroundColor=f0f0f0&size=256
CR20240410,Emma Green,29,Female,Sexual Assault,Fresno CA,Wanted,"Female in early-20s with red hair, hazel eyes, muscular build, approximately 5'8"" tall.",0.73,2024-03-03,2025-11-13,https://api.dicebear.com/7.x/bottts/svg?seed=criminal-female-409&backgroundColor=f0f0f0&size=256
CR20240411,Sean Nelson,57,Male,Cybercrime,Virginia Beach VA,Under Investigation,"Male in late-50s with brown hair, brown eyes, lean build, approximately 5'9"" tall. Thick eyebrows.",0.65,2024-09-26,2025-11-20,https://api.dicebear.com/7.x/notionists/svg?seed=criminal-male-410&backgroundColor=f0f0f0&size=256
CR20240412,Joyce Jackson,34,Female,Grand Theft Auto,Boston MA,Under Investigation,"Female in mid-30s with dark brown hair, hazel eyes, medium build, approximately 5'5"" tall. Often seen wearing sunglasses.",0.73,2024-05-30,2025-11-20,https://api.dicebear.com/7.x/lorelei/svg?seed=criminal-female-411&backgroundColor=f0f0f0&size=256
CR20240413,Alan Myers,18,Male,Burglary,Milwaukee WI,Under Investigation,"Male in early-10s with red hair, hazel eyes, athletic build, approximately 5'9"" tall. Neck tattoo.",0.67,2024-02-19,2025-11-09,https://api.dicebear.com/7.x/lorelei/svg?seed=criminal-male-412&backgroundColor=f0f0f0&size=256
CR20240414,Teresa Baker,24,Female,Cybercrime,Jacksonville FL,Under Investigation,"Female in early-20s with red hair, amber eyes, slim build, approximately 5'3"" tall.",0.74,2023-12-29,2025-11-19,https://api.dicebear.com/7.x/adventurer/svg?seed=criminal-female-413&backgroundColor=f0f0f0&size=256
CR20240415,Ronald Reed,29,Male,Harassment,Sacramento CA,Under Investigation,"Male in early-20s with black hair, green eyes, stocky build, approximately 6'2"" tall. Thick eyebrows.",0.74,2025-01-19,2025-11-19,https://api.dicebear.com/7.x/adventurer/svg?seed=criminal-male-414&backgroundColor=f0f0f0&size=256
CR20240416,Nancy Lee,38,Female,Drug Trafficking,Phoenix AZ,Under Investigation,"Female in mid-30s with gray hair, green eyes, medium build, approximately 5'2"" tall. Prominent forehead.",0.73,2025-02-09,2025-11-22,https://api.dicebear.com/7.x/lorelei/svg?seed=criminal-female-415&backgroundColor=f0f0f0&size=256
CR20240417,Dylan Martinez,43,Male,Extortion,San Antonio TX,Wanted,"Male in late-40s with brown hair, blue eyes, muscular build, approximately 6'1"" tall. Prominent jaw. Often seen wearing beanie.",0.72,2025-03-01,2025-11-20,https://api.dicebear.com/7.x/lorelei/svg?seed=criminal-male-416&backgroundColor=f0f0f0&size=256
CR20240418,Patricia Davis,21,Female,Manslaughter,Portland OR,Wanted,"Female in early-20s with salt and pepper hair, green eyes, lean build, approximately 5'3"" tall. Dimples. Often seen wearing sunglasses.",0.67,2025-07-18,2025-11-08,https://api.dicebear.com/7.x/micah/svg?seed=criminal-female-417&backgroundColor=f0f0f0&size=256
CR20240419,Travis Sanchez,48,Male,Assault,Indianapolis IN,Under Investigation,"Male in late-40s with brown hair, blue eyes, heavy build, approximately 6'3"" tall. Often seen wearing bandana.",0.74,2025-07-14,2025-11-02,https://api.dicebear.com/7.x/lorelei/svg?seed=criminal-male-418&backgroundColor=f0f0f0&size=256
CR20240420,Nicole Collins,59,Female,Battery,Atlanta GA,Wanted,"Female in late-50s with blonde hair, amber eyes, muscular build, approximately 5'9"" tall.",0.7,2024-01-13,2025-11-09,https://api.dicebear.com/7.x/micah/svg?seed=criminal-female-419&backgroundColor=f0f0f0&size=256
CR20240421,Ryan Roberts,39,Male,Drug Possession,Milwaukee WI,Wanted,"Male in mid-30s with dark brown hair, brown eyes, stocky build, approximately 6'0"" tall. Often seen wearing glasses.",0.7,2025-07-11,2025-11-06,https://api.dicebear.com/7.x/adventurer/svg?seed=criminal-male-420&backgroundColor=f0f0f0&size=256
CR20240422,Rebecca Flores,56,Female,Manslaughter,New York NY,Under Investigation,"Female in late-50s with salt and pepper hair, hazel eyes, lean build, approximately 5'2"" tall. Receding hairline. Often seen wearing baseball cap.",0.7,2025-07-18,2025-11-03,https://api.dicebear.com/7.x/notionists/svg?seed=criminal-female-421&backgroundColor=f0f0f0&size=256
CR20240423,Kenneth Lewis,19,Male,Drug Trafficking,Portland OR,Under Investigation,"Male in early-10s with salt and pepper hair, brown eyes, athletic build, approximately 5'9"" tall. Mole on chin. Often seen wearing hood.",0.65,2025-07-15,2025-10-31,https://api.dicebear.com/7.x/micah/svg?seed=criminal-male-422&backgroundColor=f0f0f0&size=256
CR20240424,Kimberly Ward,56,Female,Battery,Denver CO,Under Investigation,"Female in late-50s with brown hair, gray eyes, lean build, approximately 5'5"" tall. Often seen wearing hood.",0.71,2024-08-09,2025-11-25,https://api.dicebear.com/7.x/lorelei/svg?seed=criminal-female-423&backgroundColor=f0f0f0&size=256
CR20240425,Travis Peterson,29,Male,Trespassing,San Jose CA,Wanted,"Male in early-20s with red hair, amber eyes, medium build, approximately 5'9"" tall.",0.7,2024-11-20,2025-11-04,https://api.dicebear.com/7.x/bottts/svg?seed=criminal-male-424&backgroundColor=f0f0f0&size=256
CR20240426,Rebecca Carter,27,Female,Kidnapping,Tampa FL,Under Investigation,"Female in early-20s with gray hair, brown eyes, medium build, approximately 5'6"" tall. Often seen wearing glasses.",0.69,2024-01-17,2025-10-30,https://api.dicebear.com/7.x/micah/svg?seed=criminal-female-425&backgroundColor=f0f0f0&size=256
CR20240427,Terry Nelson,31,Male,Vandalism,Atlanta GA,Wanted,"Male in mid-30s with brown hair, gray eyes, stocky build, approximately 5'9"" tall. Full lips. Often seen wearing sunglasses.",0.66,2024-10-07,2025-10-27,https://api.dicebear.com/7.x/bottts/svg?seed=criminal-male-426&backgroundColor=f0f0f0&size=256
CR20240428,Donna Wilson,61,Female,Stalking,Arlington TX,Wanted,"Female in late-60s with white hair, brown eyes, athletic build, approximately 5'8"" tall. Scar on left cheek. Often seen wearing glasses.",0.64,2025-03-28,2025-11-02,https://api.dicebear.com/7.x/notionists/svg?seed=criminal-female-427&backgroundColor=f0f0f0&size=256
CR20240429,Louis Edwards,18,Male,Theft,Long Beach CA,Under Investigation,"Male in early-10s with dark brown hair, amber eyes, slim build, approximately 5'8"" tall.",0.65,2025-04-02,2025-10-27,https://api.dicebear.com/7.x/adventurer/svg?seed=criminal-male-428&backgroundColor=f0f0f0&size=256
CR20240430,Emma Scott,63,Female,Manslaughter,Houston TX,Wanted,"Female in late-60s with red hair, green eyes, lean build, approximately 5'7"" tall. Scar on left cheek. Often seen wearing sunglasses.",0.68,2024-02-15,2025-11-17,https://api.dicebear.com/7.x/lorelei/svg?seed=criminal-female-429&backgroundColor=f0f0f0&size=256
CR20240431,Gary Price,53,Male,Kidnapping,Oakland CA,Wanted,"Male in late-50s with gray hair, green eyes, slim build, approximately 5'9"" tall. Deep-set eyes. Often seen wearing sunglasses.",0.72,2025-01-30,2025-11-16,https://api.dicebear.com/7.x/lorelei/svg?seed=criminal-male-430&backgroundColor=f0f0f0&size=256
CR20240432,Diane Evans,49,Female,Cybercrime,Louisville KY,Under Investigation,"Female in late-40s with red hair, green eyes, lean build, approximately 5'6"" tall. High cheekbones. Often seen wearing bandana.",0.69,2025-10-06,2025-10-28,https://api.dicebear.com/7.x/bottts/svg?seed=criminal-female-431&backgroundColor=f0f0f0&size=256
CR20240433,Joshua Howard,26,Male,Theft,Kansas City MO,Wanted,"Male in early-20s with dark brown hair, blue eyes, stocky build, approximately 5'8"" tall. Dimples. Often seen wearing glasses.",0.66,2024-07-26,2025-11-03,https://api.dicebear.com/7.x/micah/svg?seed=criminal-male-432&backgroundColor=f0f0f0&size=256
CR20240434,Jean Lopez,61,Female,Vandalism,Raleigh NC,Under Investigation,"Female in late-60s with gray hair, brown eyes, stocky build, approximately 5'6"" tall. Thick eyebrows.",0.63,2024-08-28,2025-11-18,https://api.dicebear.com/7.x/micah/svg?seed=criminal-female-433&backgroundColor=f0f0f0&size=256
CR20240435,Philip Perez,38,Male,Stalking,Washington DC,Wanted,"Male in mid-30s with gray hair, gray eyes, stocky build, approximately 6'1"" tall. Often seen wearing baseball cap.",0.7,2024-06-15,2025-11-09,https://api.dicebear.com/7.x/adventurer/svg?seed=criminal-male-434&backgroundColor=f0f0f0&size=256
CR20240436,Virginia King,25,Female,Domestic Violence,Oklahoma City OK,Wanted,"Female in early-20s with salt and pepper hair, amber eyes, heavy build, approximately 5'5"" tall. Thick eyebrows.",0.72,2025-10-27,2025-11-04,https://api.dicebear.com/7.x/lorelei/svg?seed=criminal-female-435&backgroundColor=f0f0f0&size=256
CR20240437,Douglas Morales,50,Male,Kidnapping,Fort Worth TX,Wanted,"Male in late-50s with blonde hair, hazel eyes, medium build, approximately 5'10"" tall. Dimples.",0.72,2025-01-10,2025-11-11,https://api.dicebear.com/7.x/micah/svg?seed=criminal-male-436&backgroundColor=f0f0f0&size=256
CR20240438,Jennifer Clark,23,Female,Burglary,El Paso TX,Under Investigation,"Female in early-20s with white hair, brown eyes, athletic build, approximately 5'4"" tall.",0.72,2025-03-14,2025-11-22,https://api.dicebear.com/7.x/adventurer/svg?seed=criminal-female-437&backgroundColor=f0f0f0&size=256
CR20240439,Jacob Nelson,26,Male,Money Laundering,Indianapolis IN,Wanted,"Male in early-20s with black hair, amber eyes, medium build, approximately 5'11"" tall. Scar on right eyebrow. Often seen wearing bandana.",0.68,2024-05-25,2025-10-28,https://api.dicebear.com/7.x/adventurer/svg?seed=criminal-male-438&backgroundColor=f0f0f0&size=256
CR20240440,Jacqueline Nguyen,38,Female,Domestic Violence,Tucson AZ,Wanted,"Female in mid-30s with red hair, hazel eyes, athletic build, approximately 5'8"" tall.",0.66,2025-01-08,2025-11-06,https://api.dicebear.com/7.x/adventurer/svg?seed=criminal-female-439&backgroundColor=f0f0f0&size=256
CR20240441,Raymond Ramos,52,Male,Vandalism,San Diego CA,Under Investigation,"Male in late-50s with gray hair, amber eyes, medium build, approximately 5'11"" tall.",0.71,2024-01-21,2025-11-21,https://api.dicebear.com/7.x/adventurer/svg?seed=criminal-male-440&backgroundColor=f0f0f0&size=256
CR20240442,Evelyn Scott,48,Female,Drug Possession,Milwaukee WI,Wanted,"Female in late-40s with dark brown hair, green eyes, lean build, approximately 5'4"" tall. Often seen wearing beanie.",0.66,2025-04-05,2025-11-19,https://api.dicebear.com/7.x/adventurer/svg?seed=criminal-female-441&backgroundColor=f0f0f0&size=256
CR20240443,James Gutierrez,25,Male,Sexual Assault,Las Vegas NV,Under Investigation,"Male in early-20s with blonde hair, hazel eyes, lean build, approximately 5'9"" tall. Often seen wearing bandana.",0.64,2025-01-11,2025-11-01,https://api.dicebear.com/7.x/notionists/svg?seed=criminal-male-442&backgroundColor=f0f0f0&size=256
CR20240444,Brittany Thomas,34,Female,Breaking and Entering,Mesa AZ,Under Investigation,"Female in mid-30s with gray hair, green eyes, slim build, approximately 5'2"" tall.",0.71,2025-05-30,2025-11-13,https://api.dicebear.com/7.x/lorelei/svg?seed=criminal-female-443&backgroundColor=f0f0f0&size=256
CR20240445,Richard Young,34,Male,Stalking,Boston MA,Wanted,"Male in mid-30s with light brown hair, gray eyes, muscular build, approximately 6'1"" tall. Often seen wearing bandana.",0.65,2025-05-28,2025-11-16,https://api.dicebear.com/7.x/bottts/svg?seed=criminal-male-444&backgroundColor=f0f0f0&size=256
CR20240446,Judy Murphy,36,Female,Manslaughter,Omaha NE,Wanted,"Female in mid-30s with salt and pepper hair, blue eyes, stocky build, approximately 5'6"" tall. Mole on chin. Often seen wearing beanie.",0.67,2024-10-19,2025-11-05,https://api.dicebear.com/7.x/bottts/svg?seed=criminal-female-445&backgroundColor=f0f0f0&size=256
CR20240447,Bobby Castillo,62,Male,Battery,Oakland CA,Wanted,"Male in late-60s with red hair, green eyes, medium build, approximately 6'2"" tall.",0.64,2024-01-01,2025-11-14,https://api.dicebear.com/7.x/lorelei/svg?seed=criminal-male-446&backgroundColor=f0f0f0&size=256
CR20240448,Amanda Johnson,44,Female,Grand Theft Auto,Los Angeles CA,Wanted,"Female in late-40s with brown hair, amber eyes, medium build, approximately 5'4"" tall.",0.67,2024-07-13,2025-11-13,https://api.dicebear.com/7.x/adventurer/svg?seed=criminal-female-447&backgroundColor=f0f0f0&size=256
CR20240449,Billy Turner,52,Male,Burglary,San Jose CA,Wanted,"Male in late-50s with red hair, hazel eyes, muscular build, approximately 5'9"" tall. Broken nose.",0.71,2024-06-02,2025-11-03,https://api.dicebear.com/7.x/lorelei/svg?seed=criminal-male-448&backgroundColor=f0f0f0&size=256
CR20240450,Megan Diaz,43,Female,Kidnapping,Mesa AZ,Under Investigation,"Female in late-40s with dark brown hair, blue eyes, lean build, approximately 5'2"" tall. Crooked smile. Often seen wearing baseball cap.",0.67,2023-12-02,2025-11-09,https://api.dicebear.com/7.x/micah/svg?seed=criminal-female-449&backgroundColor=f0f0f0&size=256
CR20240451,Jordan Lewis,20,Male,Harassment,New Orleans LA,Under Investigation,"Male in early-20s with brown hair, green eyes, medium build, approximately 5'9"" tall. Thick eyebrows. Often seen wearing hood.",0.71,2024-05-03,2025-11-23,https://api.dicebear.com/7.x/micah/svg?seed=criminal-male-450&backgroundColor=f0f0f0&size=256
CR20240452,Brenda Ortiz,34,Female,Burglary,New York NY,Wanted,"Female in mid-30s with white hair, hazel eyes, athletic build, approximately 5'7"" tall. Dimples. Often seen wearing sunglasses.",0.65,2025-04-04,2025-10-31,https://api.dicebear.com/7.x/bottts/svg?seed=criminal-female-451&backgroundColor=f0f0f0&size=256
CR20240453,Randy Hill,44,Male,Assault,Columbus OH,Wanted,"Male in late-40s with red hair, amber eyes, lean build, approximately 5'11"" tall. Prominent forehead. Often seen wearing bandana.",0.69,2024-06-17,2025-11-01,https://api.dicebear.com/7.x/bottts/svg?seed=criminal-male-452&backgroundColor=f0f0f0&size=256
CR20240454,Christina Gomez,41,Female,Domestic Violence,Columbus OH,Wanted,"Female in late-40s with red hair, amber eyes, athletic build, approximately 5'2"" tall. Often seen wearing bandana.",0.64,2024-08-17,2025-11-15,https://api.dicebear.com/7.x/micah/svg?seed=criminal-female-453&backgroundColor=f0f0f0&size=256
CR20240455,William Cox,30,Male,Manslaughter,Phoenix AZ,Wanted,"Male in mid-30s with dark brown hair, hazel eyes, medium build, approximately 5'8"" tall.",0.62,2024-02-06,2025-11-12,https://api.dicebear.com/7.x/adventurer/svg?seed=criminal-male-454&backgroundColor=f0f0f0&size=256
CR20240456,Elizabeth Collins,33,Female,Assault,Tucson AZ,Under Investigation,"Female in mid-30s with brown hair, blue eyes, medium build, approximately 5'7"" tall. Thick eyebrows.",0.63,2025-09-14,2025-10-31,https://api.dicebear.com/7.x/bottts/svg?seed=criminal-female-455&backgroundColor=f0f0f0&size=256
CR20240457,Roy Brown,36,Male,Fraud,Columbus OH,Wanted,"Male in mid-30s with black hair, amber eyes, athletic build, approximately 6'2"" tall. Often seen wearing baseball cap.",0.66,2023-12-06,2025-10-27,https://api.dicebear.com/7.x/bottts/svg?seed=criminal-male-456&backgroundColor=f0f0f0&size=256
CR20240458,Denise Martin,33,Female,Vandalism,Columbus OH,Wanted,"Female in mid-30s with brown hair, green eyes, athletic build, approximately 5'5"" tall. Receding hairline. Often seen wearing baseball cap.",0.67,2024-07-28,2025-11-21,https://api.dicebear.com/7.x/micah/svg?seed=criminal-female-457&backgroundColor=f0f0f0&size=256
CR20240459,Sean Anderson,27,Male,Assault,Columbus OH,Under Investigation,"Male in early-20s with dark brown hair, amber eyes, stocky build, approximately 6'3"" tall.",0.66,2024-03-04,2025-11-18,https://api.dicebear.com/7.x/micah/svg?seed=criminal-male-458&backgroundColor=f0f0f0&size=256
CR20240460,Barbara Campbell,43,Female,Assault,San Diego CA,Under Investigation,"Female in late-40s with red hair, amber eyes, heavy build, approximately 5'6"" tall. Often seen wearing bandana.",0.66,2024-01-14,2025-11-10,https://api.dicebear.com/7.x/bottts/svg?seed=criminal-female-459&backgroundColor=f0f0f0&size=256
CR20240461,Elijah Robinson,50,Male,Extortion,Miami FL,Under Investigation,"Male in late-50s with red hair, brown eyes, lean build, approximately 6'3"" tall.",0.64,2024-10-19,2025-11-07,https://api.dicebear.com/7.x/micah/svg?seed=criminal-male-460&backgroundColor=f0f0f0&size=256
CR20240462,Brenda Foster,50,Female,Fraud,Tampa FL,Wanted,"Female in late-50s with gray hair, blue eyes, stocky build, approximately 5'2"" tall.",0.68,2025-02-08,2025-11-19,https://api.dicebear.com/7.x/notionists/svg?seed=criminal-female-461&backgroundColor=f0f0f0&size=256
CR20240463,Sean Carter,34,Male,Embezzlement,San Jose CA,Wanted,"Male in mid-30s with salt and pepper hair, green eyes, stocky build, approximately 6'3"" tall. Broken nose.",0.67,2025-04-20,2025-11-02,https://api.dicebear.com/7.x/avataaars/svg?seed=criminal-male-462&backgroundColor=f0f0f0&size=256
CR20240464,Brenda Morgan,56,Female,Murder,New York NY,Wanted,"Female in late-50s with dark brown hair, gray eyes, slim build, approximately 5'6"" tall. Prominent forehead. Often seen wearing sunglasses.",0.62,2024-05-06,2025-11-14,https://api.dicebear.com/7.x/notionists/svg?seed=criminal-female-463&backgroundColor=f0f0f0&size=256
CR20240465,Carl Bailey,43,Male,Domestic Violence,Arlington TX,Wanted,"Male in late-40s with light brown hair, green eyes, lean build, approximately 6'0"" tall. Often seen wearing sunglasses.",0.65,2025-08-11,2025-11-18,https://api.dicebear.com/7.x/adventurer/svg?seed=criminal-male-464&backgroundColor=f0f0f0&size=256
CR20240466,Janet Scott,55,Female,Burglary,Charlotte NC,Wanted,"Female in late-50s with blonde hair, green eyes, stocky build, approximately 5'5"" tall. Pierced nose.",0.67,2025-03-21,2025-11-15,https://api.dicebear.com/7.x/bottts/svg?seed=criminal-female-465&backgroundColor=f0f0f0&size=256
CR20240467,Lawrence Cox,30,Male,Money Laundering,Fresno CA,Under Investigation,"Male in mid-30s with black hair, blue eyes, slim build, approximately 5'9"" tall. Neck tattoo. Often seen wearing sunglasses.",0.65,2024-12-25,2025-11-01,https://api.dicebear.com/7.x/adventurer/svg?seed=criminal-male-466&backgroundColor=f0f0f0&size=256
CR20240468,Cynthia Martinez,63,Female,Money Laundering,Los Angeles CA,Wanted,"Female in late-60s with light brown hair, blue eyes, heavy build, approximately 5'4"" tall.",0.62,2025-07-10,2025-11-04,https://api.dicebear.com/7.x/lorelei/svg?seed=criminal-female-467&backgroundColor=f0f0f0&size=256
CR20240469,Russell Garcia,46,Male,Kidnapping,Oakland CA,Wanted,"Male in late-40s with gray hair, hazel eyes, slim build, approximately 6'2"" tall. Scar on right eyebrow.",0.6,2025-06-13,2025-11-01,https://api.dicebear.com/7.x/lorelei/svg?seed=criminal-male-468&backgroundColor=f0f0f0&size=256
CR20240470,Kathryn Cook,40,Female,Trespassing,Long Beach CA,Wanted,"Female in late-40s with red hair, gray eyes, medium build, approximately 5'7"" tall. Scar on left cheek. Often seen wearing beanie.",0.7,2025-03-08,2025-11-23,https://api.dicebear.com/7.x/adventurer/svg?seed=criminal-female-469&backgroundColor=f0f0f0&size=256
CR20240471,Thomas Evans,48,Male,Murder,Long Beach CA,Wanted,"Male in late-40s with black hair, gray eyes, muscular build, approximately 5'10"" tall. Missing tooth.",0.64,2024-11-15,2025-11-14,https://api.dicebear.com/7.x/bottts/svg?seed=criminal-male-470&backgroundColor=f0f0f0&size=256
CR20240472,Michelle Ortiz,61,Female,Drug Trafficking,Tulsa OK,Under Investigation,"Female in late-60s with white hair, brown eyes, muscular build, approximately 5'5"" tall. Wide-set eyes.",0.64,2025-02-17,2025-11-07,https://api.dicebear.com/7.x/lorelei/svg?seed=criminal-female-471&backgroundColor=f0f0f0&size=256
CR20240473,Bruce Cook,39,Male,Drug Trafficking,Las Vegas NV,Wanted,"Male in mid-30s with blonde hair, green eyes, slim build, approximately 6'2"" tall. Prominent forehead.",0.65,2024-09-17,2025-11-14,https://api.dicebear.com/7.x/avataaars/svg?seed=criminal-male-472&backgroundColor=f0f0f0&size=256
CR20240474,Ashley Phillips,62,Female,Drug Trafficking,Tampa FL,Under Investigation,"Female in late-60s with white hair, amber eyes, muscular build, approximately 5'3"" tall. Pierced ears.",0.65,2024-03-25,2025-11-05,https://api.dicebear.com/7.x/notionists/svg?seed=criminal-female-473&backgroundColor=f0f0f0&size=256
CR20240475,Scott Brown,39,Male,Murder,Las Vegas NV,Wanted,"Male in mid-30s with brown hair, hazel eyes, stocky build, approximately 6'2"" tall. High cheekbones.",0.69,2024-05-28,2025-11-20,https://api.dicebear.com/7.x/notionists/svg?seed=criminal-male-474&backgroundColor=f0f0f0&size=256
CR20240476,Pamela Gray,54,Female,Burglary,Oakland CA,Under Investigation,"Female in late-50s with brown hair, green eyes, muscular build, approximately 5'3"" tall. Pierced nose. Often seen wearing hood.",0.64,2024-06-23,2025-11-25,https://api.dicebear.com/7.x/bottts/svg?seed=criminal-female-475&backgroundColor=f0f0f0&size=256
CR20240477,David Foster,44,Male,Fraud,Mesa AZ,Wanted,"Male in late-40s with dark brown hair, green eyes, lean build, approximately 6'1"" tall. Receding hairline. Often seen wearing sunglasses.",0.61,2025-03-10,2025-11-16,https://api.dicebear.com/7.x/micah/svg?seed=criminal-male-476&backgroundColor=f0f0f0&size=256
CR20240478,Danielle Wood,65,Female,Drug Trafficking,San Jose CA,Under Investigation,"Female in late-60s with brown hair, green eyes, heavy build, approximately 5'3"" tall. Pierced ears. Often seen wearing bandana.",0.6,2023-12-18,2025-11-21,https://api.dicebear.com/7.x/adventurer/svg?seed=criminal-female-477&backgroundColor=f0f0f0&size=256
CR20240479,Mason Parker,43,Male,Murder,Oakland CA,Under Investigation,"Male in late-40s with white hair, green eyes, stocky build, approximately 5'10"" tall. Missing tooth. Often seen wearing glasses.",0.69,2025-09-30,2025-11-13,https://api.dicebear.com/7.x/micah/svg?seed=criminal-male-478&backgroundColor=f0f0f0&size=256
CR20240480,Marie Ward,52,Female,Drug Trafficking,San Antonio TX,Wanted,"Female in late-50s with brown hair, gray eyes, stocky build, approximately 5'3"" tall.",0.61,2024-03-21,2025-11-05,https://api.dicebear.com/7.x/adventurer/svg?seed=criminal-female-479&backgroundColor=f0f0f0&size=256
CR20240481,Nicholas Chavez,18,Male,Fraud,Mesa AZ,Under Investigation,"Male in early-10s with salt and pepper hair, gray eyes, lean build, approximately 6'3"" tall. High cheekbones.",0.63,2024-05-27,2025-11-10,https://api.dicebear.com/7.x/bottts/svg?seed=criminal-male-480&backgroundColor=f0f0f0&size=256
CR20240482,Stephanie Patel,50,Female,Assault,Fresno CA,Under Investigation,"Female in late-50s with black hair, green eyes, slim build, approximately 5'9"" tall. Wide-set eyes. Often seen wearing baseball cap.",0.62,2024-09-22,2025-11-04,https://api.dicebear.com/7.x/notionists/svg?seed=criminal-female-481&backgroundColor=f0f0f0&size=256
CR20240483,Logan Hill,21,Male,Money Laundering,Portland OR,Wanted,"Male in early-20s with blonde hair, green eyes, athletic build, approximately 6'1"" tall.",0.64,2024-01-09,2025-11-25,https://api.dicebear.com/7.x/avataaars/svg?seed=criminal-male-482&backgroundColor=f0f0f0&size=256
CR20240484,Jean Kim,60,Female,Domestic Violence,Tucson AZ,Under Investigation,"Female in late-60s with blonde hair, brown eyes, muscular build, approximately 5'8"" tall. Pierced ears.",0.6,2024-06-18,2025-11-22,https://api.dicebear.com/7.x/bottts/svg?seed=criminal-female-483&backgroundColor=f0f0f0&size=256
CR20240485,Eugene Wilson,31,Male,Burglary,Memphis TN,Wanted,"Male in mid-30s with dark brown hair, hazel eyes, athletic build, approximately 6'0"" tall.",0.69,2025-09-22,2025-11-16,https://api.dicebear.com/7.x/micah/svg?seed=criminal-male-484&backgroundColor=f0f0f0&size=256
CR20240486,Susan Howard,49,Female,Harassment,New Orleans LA,Under Investigation,"Female in late-40s with blonde hair, amber eyes, lean build, approximately 5'2"" tall.",0.66,2025-04-03,2025-11-04,https://api.dicebear.com/7.x/avataaars/svg?seed=criminal-female-485&backgroundColor=f0f0f0&size=256
CR20240487,Tyler Diaz,18,Male,Armed Robbery,Los Angeles CA,Under Investigation,"Male in early-10s with red hair, blue eyes, athletic build, approximately 5'10"" tall.",0.68,2025-05-25,2025-11-06,https://api.dicebear.com/7.x/lorelei/svg?seed=criminal-male-486&backgroundColor=f0f0f0&size=256
CR20240488,Linda Turner,30,Female,Burglary,Baltimore MD,Wanted,"Female in mid-30s with black hair, green eyes, stocky build, approximately 5'3"" tall. Pierced nose.",0.68,2025-04-21,2025-11-24,https://api.dicebear.com/7.x/micah/svg?seed=criminal-female-487&backgroundColor=f0f0f0&size=256
CR20240489,Jose Kelly,37,Male,Armed Robbery,Austin TX,Wanted,"Male in mid-30s with white hair, hazel eyes, slim build, approximately 5'8"" tall. Thin lips. Often seen wearing baseball cap.",0.66,2024-01-14,2025-11-08,https://api.dicebear.com/7.x/avataaars/svg?seed=criminal-male-488&backgroundColor=f0f0f0&size=256
CR20240490,Carol Cox,46,Female,Burglary,Denver CO,Under Investigation,"Female in late-40s with black hair, hazel eyes, medium build, approximately 5'5"" tall. Missing tooth. Often seen wearing beanie.",0.66,2025-05-17,2025-11-18,https://api.dicebear.com/7.x/adventurer/svg?seed=criminal-female-489&backgroundColor=f0f0f0&size=256
CR20240491,Sean Wright,22,Male,Stalking,Raleigh NC,Under Investigation,"Male in early-20s with white hair, blue eyes, stocky build, approximately 6'2"" tall. Pierced ears.",0.64,2025-10-13,2025-11-24,https://api.dicebear.com/7.x/micah/svg?seed=criminal-male-490&backgroundColor=f0f0f0&size=256
CR20240492,Marilyn Hill,31,Female,Sexual Assault,Kansas City MO,Wanted,"Female in mid-30s with red hair, brown eyes, heavy build, approximately 5'5"" tall. Pierced ears.",0.68,2024-06-23,2025-10-30,https://api.dicebear.com/7.x/bottts/svg?seed=criminal-female-491&backgroundColor=f0f0f0&size=256
CR20240493,Joshua Ortiz,65,Male,Manslaughter,Oklahoma City OK,Wanted,"Male in late-60s with blonde hair, blue eyes, slim build, approximately 6'2"" tall. Pierced ears. Often seen wearing glasses.",0.66,2024-09-30,2025-10-31,https://api.dicebear.com/7.x/bottts/svg?seed=criminal-male-492&backgroundColor=f0f0f0&size=256
CR20240494,Lauren Reyes,62,Female,Harassment,New York NY,Wanted,"Female in late-60s with dark brown hair, brown eyes, heavy build, approximately 5'6"" tall.",0.67,2025-10-20,2025-10-27,https://api.dicebear.com/7.x/avataaars/svg?seed=criminal-female-493&backgroundColor=f0f0f0&size=256
CR20240495,Samuel Smith,48,Male,Theft,Boston MA,Under Investigation,"Male in late-40s with brown hair, hazel eyes, medium build, approximately 6'1"" tall. Broken nose.",0.66,2024-12-28,2025-11-02,https://api.dicebear.com/7.x/avataaars/svg?seed=criminal-male-494&backgroundColor=f0f0f0&size=256
CR20240496,Amber Diaz,27,Female,Kidnapping,Detroit MI,Under Investigation,"Female in early-20s with dark brown hair, green eyes, medium build, approximately 5'6"" tall. Pierced ears.",0.68,2024-11-06,2025-11-15,https://api.dicebear.com/7.x/lorelei/svg?seed=criminal-female-495&backgroundColor=f0f0f0&size=256
CR20240497,Nicholas Gray,40,Male,Breaking and Entering,San Antonio TX,Wanted,"Male in late-40s with salt and pepper hair, gray eyes, heavy build, approximately 6'0"" tall. Deep-set eyes. Often seen wearing bandana.",0.65,2024-05-08,2025-10-31,https://api.dicebear.com/7.x/avataaars/svg?seed=criminal-male-496&backgroundColor=f0f0f0&size=256
CR20240498,Michelle Martinez,31,Female,Trespassing,Phoenix AZ,Wanted,"Female in mid-30s with black hair, gray eyes, athletic build, approximately 5'8"" tall. Prominent jaw.",0.61,2024-05-05,2025-10-30,https://api.dicebear.com/7.x/bottts/svg?seed=criminal-female-497&backgroundColor=f0f0f0&size=256
CR20240499,Bruce Watson,26,Male,Theft,Atlanta GA,Wanted,"Male in early-20s with dark brown hair, amber eyes, slim build, approximately 6'1"" tall.",0.62,2025-08-28,2025-11-19,https://api.dicebear.com/7.x/lorelei/svg?seed=criminal-male-498&backgroundColor=f0f0f0&size=256
CR20240500,Helen James,27,Female,Extortion,El Paso TX,Wanted,"Female in early-20s with white hair, blue eyes, slim build, approximately 5'6"" tall. Facial tattoo.",0.6,2024-11-30,2025-11-19,https://api.dicebear.com/7.x/avataaars/svg?seed=criminal-female-499&backgroundColor=f0f0f0&size=256
